product,quantity_sold,dates
chocolate oats protein bar,155,3/5/2021
chocolate oats protein bar,584,3/5/2021
chocolate oats protein bar,661,3/7/2021
chocolate oats protein bar,557,3/9/2021
chocolate oats protein bar,899,3/9/2021
chocolate oats protein bar,325,3/15/2021
chocolate oats protein bar,238,3/17/2021
chocolate oats protein bar,44,3/19/2021
chocolate oats protein bar,545,3/21/2021
chocolate oats protein bar,973,3/22/2021
chocolate oats protein bar,925,3/23/2021
chocolate oats protein bar,123,3/24/2021
chocolate oats protein bar,461,3/24/2021
chocolate oats protein bar,329,3/26/2021
chocolate oats protein bar,679,3/27/2021
chocolate oats protein bar,967,3/30/2021
chocolate oats protein bar,836,3/30/2021
chocolate oats protein bar,171,3/31/2021
chocolate oats protein bar,82,4/1/2021
chocolate oats protein bar,299,4/2/2021
chocolate oats protein bar,535,4/2/2021
chocolate oats protein bar,28,4/4/2021
chocolate oats protein bar,215,4/5/2021
chocolate oats protein bar,356,4/6/2021
chocolate oats protein bar,125,4/12/2021
chocolate oats protein bar,530,4/13/2021
chocolate oats protein bar,27,4/15/2021
chocolate oats protein bar,175,4/15/2021
chocolate oats protein bar,730,4/18/2021
chocolate oats protein bar,438,4/20/2021
chocolate oats protein bar,423,4/22/2021
chocolate oats protein bar,408,4/24/2021
chocolate oats protein bar,967,4/25/2021
chocolate oats protein bar,523,4/26/2021
chocolate oats protein bar,597,4/27/2021
chocolate oats protein bar,92,4/27/2021
chocolate oats protein bar,267,4/30/2021
chocolate oats protein bar,333,5/1/2021
chocolate oats protein bar,274,5/1/2021
chocolate oats protein bar,946,5/1/2021
chocolate oats protein bar,999,5/2/2021
chocolate oats protein bar,77,5/3/2021
chocolate oats protein bar,239,5/5/2021
chocolate oats protein bar,398,5/7/2021
chocolate oats protein bar,986,5/12/2021
chocolate oats protein bar,568,5/13/2021
chocolate oats protein bar,497,5/13/2021
chocolate oats protein bar,823,5/13/2021
chocolate oats protein bar,304,5/18/2021
chocolate oats protein bar,157,5/23/2021
chocolate oats protein bar,307,5/25/2021
chocolate oats protein bar,784,5/28/2021
chocolate oats protein bar,946,5/28/2021
chocolate oats protein bar,213,5/31/2021
chocolate oats protein bar,767,6/1/2021
chocolate oats protein bar,238,6/6/2021
chocolate oats protein bar,589,6/6/2021
chocolate oats protein bar,863,6/7/2021
chocolate oats protein bar,610,6/11/2021
chocolate oats protein bar,518,6/13/2021
chocolate oats protein bar,880,6/13/2021
chocolate oats protein bar,225,6/15/2021
chocolate oats protein bar,935,6/16/2021
chocolate oats protein bar,332,6/17/2021
chocolate oats protein bar,252,6/18/2021
chocolate oats protein bar,561,6/18/2021
chocolate oats protein bar,938,6/19/2021
chocolate oats protein bar,14,6/19/2021
chocolate oats protein bar,906,6/21/2021
chocolate oats protein bar,234,6/26/2021
chocolate oats protein bar,401,6/26/2021
chocolate oats protein bar,955,6/29/2021
chocolate oats protein bar,716,6/30/2021
chocolate oats protein bar,115,6/30/2021
chocolate oats protein bar,560,7/2/2021
chocolate oats protein bar,639,7/4/2021
chocolate oats protein bar,665,7/4/2021
chocolate oats protein bar,185,7/6/2021
chocolate oats protein bar,646,7/7/2021
chocolate oats protein bar,347,7/7/2021
chocolate oats protein bar,574,7/10/2021
chocolate oats protein bar,650,7/11/2021
chocolate oats protein bar,41,7/11/2021
chocolate oats protein bar,978,7/17/2021
chocolate oats protein bar,999,7/18/2021
chocolate oats protein bar,106,7/19/2021
chocolate oats protein bar,693,7/29/2021
chocolate oats protein bar,956,7/30/2021
chocolate oats protein bar,762,7/30/2021
chocolate oats protein bar,665,7/30/2021
chocolate oats protein bar,966,8/3/2021
chocolate oats protein bar,343,8/3/2021
chocolate oats protein bar,848,8/4/2021
chocolate oats protein bar,170,8/4/2021
chocolate oats protein bar,451,8/6/2021
chocolate oats protein bar,903,8/6/2021
chocolate oats protein bar,170,8/9/2021
chocolate oats protein bar,173,8/10/2021
chocolate oats protein bar,946,8/10/2021
chocolate oats protein bar,577,8/14/2021
chocolate oats protein bar,58,8/14/2021
chocolate oats protein bar,66,8/15/2021
chocolate oats protein bar,242,8/16/2021
chocolate oats protein bar,1,8/17/2021
chocolate oats protein bar,177,8/19/2021
chocolate oats protein bar,374,8/20/2021
chocolate oats protein bar,300,8/20/2021
chocolate oats protein bar,747,8/22/2021
chocolate oats protein bar,348,8/22/2021
chocolate oats protein bar,250,8/23/2021
chocolate oats protein bar,815,8/27/2021
chocolate oats protein bar,168,8/27/2021
chocolate oats protein bar,480,8/29/2021
chocolate oats protein bar,478,9/1/2021
chocolate oats protein bar,243,9/3/2021
chocolate oats protein bar,77,9/5/2021
chocolate oats protein bar,603,9/5/2021
chocolate oats protein bar,619,9/7/2021
chocolate oats protein bar,351,9/9/2021
chocolate oats protein bar,466,9/10/2021
chocolate oats protein bar,272,9/11/2021
chocolate oats protein bar,903,9/11/2021
chocolate oats protein bar,98,9/12/2021
chocolate oats protein bar,501,9/15/2021
chocolate oats protein bar,840,9/15/2021
chocolate oats protein bar,144,9/16/2021
chocolate oats protein bar,678,9/18/2021
chocolate oats protein bar,216,9/18/2021
chocolate oats protein bar,439,9/20/2021
chocolate oats protein bar,186,9/21/2021
chocolate oats protein bar,439,9/26/2021
chocolate oats protein bar,547,9/26/2021
chocolate oats protein bar,750,9/27/2021
chocolate oats protein bar,222,10/1/2021
chocolate oats protein bar,971,10/3/2021
chocolate oats protein bar,147,10/3/2021
chocolate oats protein bar,553,10/4/2021
chocolate oats protein bar,641,10/5/2021
chocolate oats protein bar,302,10/6/2021
chocolate oats protein bar,528,10/7/2021
chocolate oats protein bar,605,10/11/2021
chocolate oats protein bar,850,10/14/2021
chocolate oats protein bar,641,10/18/2021
chocolate oats protein bar,577,10/22/2021
chocolate oats protein bar,681,10/24/2021
chocolate oats protein bar,657,10/24/2021
chocolate oats protein bar,448,10/25/2021
chocolate oats protein bar,227,10/25/2021
chocolate oats protein bar,969,10/26/2021
chocolate oats protein bar,733,11/2/2021
chocolate oats protein bar,847,11/3/2021
chocolate oats protein bar,310,11/6/2021
chocolate oats protein bar,692,11/8/2021
chocolate oats protein bar,428,11/9/2021
chocolate oats protein bar,184,11/10/2021
chocolate oats protein bar,333,11/10/2021
chocolate oats protein bar,896,11/15/2021
chocolate oats protein bar,753,11/15/2021
chocolate oats protein bar,373,11/17/2021
chocolate oats protein bar,74,11/17/2021
chocolate oats protein bar,708,11/18/2021
chocolate oats protein bar,208,11/19/2021
chocolate oats protein bar,445,11/21/2021
chocolate oats protein bar,934,11/21/2021
chocolate oats protein bar,124,11/23/2021
chocolate oats protein bar,557,11/23/2021
chocolate oats protein bar,665,11/23/2021
chocolate oats protein bar,396,11/23/2021
chocolate oats protein bar,948,11/24/2021
chocolate oats protein bar,834,11/25/2021
chocolate oats protein bar,869,11/25/2021
chocolate oats protein bar,506,11/29/2021
chocolate oats protein bar,737,11/29/2021
chocolate oats protein bar,304,12/1/2021
chocolate oats protein bar,664,12/3/2021
chocolate oats protein bar,847,12/4/2021
chocolate oats protein bar,296,12/4/2021
chocolate oats protein bar,554,12/5/2021
chocolate oats protein bar,284,12/12/2021
chocolate oats protein bar,97,12/12/2021
chocolate oats protein bar,381,12/14/2021
chocolate oats protein bar,875,12/17/2021
chocolate oats protein bar,402,12/19/2021
chocolate oats protein bar,617,12/19/2021
chocolate oats protein bar,539,12/20/2021
chocolate oats protein bar,820,12/25/2021
chocolate oats protein bar,544,12/26/2021
chocolate oats protein bar,810,1/1/2022
chocolate oats protein bar,468,1/1/2022
chocolate oats protein bar,166,1/1/2022
chocolate oats protein bar,566,1/2/2022
chocolate oats protein bar,16,1/2/2022
chocolate oats protein bar,758,1/4/2022
chocolate oats protein bar,609,1/7/2022
chocolate oats protein bar,242,1/9/2022
chocolate oats protein bar,928,1/11/2022
chocolate oats protein bar,999,1/12/2022
chocolate oats protein bar,212,1/12/2022
chocolate oats protein bar,317,1/13/2022
chocolate oats protein bar,12,1/13/2022
chocolate oats protein bar,887,1/14/2022
chocolate oats protein bar,1000,1/16/2022
chocolate oats protein bar,548,1/19/2022
chocolate oats protein bar,704,1/21/2022
chocolate oats protein bar,610,1/21/2022
chocolate oats protein bar,831,1/22/2022
chocolate oats protein bar,518,1/23/2022
chocolate oats protein bar,594,1/25/2022
chocolate oats protein bar,656,1/29/2022
chocolate oats protein bar,203,1/30/2022
chocolate oats protein bar,514,1/30/2022
chocolate oats protein bar,573,1/31/2022
chocolate oats protein bar,433,2/4/2022
chocolate oats protein bar,212,2/6/2022
chocolate oats protein bar,988,2/6/2022
chocolate oats protein bar,721,2/7/2022
chocolate oats protein bar,396,2/8/2022
chocolate oats protein bar,646,2/11/2022
chocolate oats protein bar,730,2/12/2022
chocolate oats protein bar,728,2/14/2022
chocolate oats protein bar,950,2/23/2022
chocolate oats protein bar,79,2/24/2022
chocolate oats protein bar,394,2/24/2022
chocolate oats protein bar,329,2/25/2022
chocolate oats protein bar,902,2/28/2022
chocolate oats protein bar,393,3/1/2022
chocolate oats protein bar,317,3/3/2022
chocolate oats protein bar,918,3/5/2022
chocolate oats protein bar,560,3/6/2022
chocolate oats protein bar,722,3/6/2022
chocolate oats protein bar,277,3/7/2022
chocolate oats protein bar,810,3/7/2022
chocolate oats protein bar,803,3/8/2022
chocolate oats protein bar,527,3/9/2022
chocolate oats protein bar,513,3/15/2022
chocolate oats protein bar,997,3/15/2022
chocolate oats protein bar,586,3/18/2022
chocolate oats protein bar,418,3/20/2022
chocolate oats protein bar,193,3/21/2022
chocolate oats protein bar,411,3/24/2022
chocolate oats protein bar,600,3/27/2022
chocolate oats protein bar,482,3/28/2022
chocolate oats protein bar,739,4/1/2022
chocolate oats protein bar,704,4/5/2022
chocolate oats protein bar,382,4/6/2022
chocolate oats protein bar,85,4/7/2022
chocolate oats protein bar,888,4/7/2022
chocolate oats protein bar,5,4/9/2022
chocolate oats protein bar,653,4/9/2022
chocolate oats protein bar,140,4/9/2022
chocolate oats protein bar,978,4/13/2022
chocolate oats protein bar,820,4/13/2022
chocolate oats protein bar,728,4/13/2022
chocolate oats protein bar,111,4/13/2022
chocolate oats protein bar,854,4/14/2022
chocolate oats protein bar,451,4/17/2022
chocolate oats protein bar,252,4/17/2022
chocolate oats protein bar,378,4/18/2022
chocolate oats protein bar,306,4/19/2022
chocolate oats protein bar,425,4/23/2022
chocolate oats protein bar,93,4/26/2022
chocolate oats protein bar,812,4/26/2022
chocolate oats protein bar,877,4/30/2022
chocolate oats protein bar,321,4/30/2022
chocolate oats protein bar,489,5/5/2022
chocolate oats protein bar,605,5/6/2022
chocolate oats protein bar,348,5/7/2022
chocolate oats protein bar,298,5/9/2022
chocolate oats protein bar,475,5/10/2022
chocolate oats protein bar,831,5/11/2022
chocolate oats protein bar,124,5/12/2022
chocolate oats protein bar,97,5/12/2022
chocolate oats protein bar,829,5/13/2022
chocolate oats protein bar,415,5/14/2022
chocolate oats protein bar,261,5/15/2022
chocolate oats protein bar,252,5/18/2022
chocolate oats protein bar,394,5/25/2022
chocolate oats protein bar,54,5/27/2022
chocolate oats protein bar,539,5/28/2022
chocolate oats protein bar,396,6/5/2022
chocolate oats protein bar,137,6/11/2022
chocolate oats protein bar,539,6/14/2022
chocolate oats protein bar,295,6/15/2022
chocolate oats protein bar,916,6/15/2022
chocolate oats protein bar,371,6/17/2022
chocolate oats protein bar,581,6/21/2022
chocolate oats protein bar,87,6/21/2022
chocolate oats protein bar,788,6/23/2022
chocolate oats protein bar,491,6/23/2022
chocolate oats protein bar,545,6/24/2022
chocolate oats protein bar,110,6/25/2022
chocolate oats protein bar,982,7/1/2022
chocolate oats protein bar,439,7/3/2022
chocolate oats protein bar,824,7/4/2022
chocolate oats protein bar,527,7/7/2022
chocolate oats protein bar,785,7/8/2022
chocolate oats protein bar,836,7/9/2022
chocolate oats protein bar,744,7/10/2022
chocolate oats protein bar,530,7/12/2022
chocolate oats protein bar,877,7/15/2022
chocolate oats protein bar,999,7/15/2022
chocolate oats protein bar,515,7/18/2022
chocolate oats protein bar,577,7/19/2022
chocolate oats protein bar,116,7/19/2022
chocolate oats protein bar,576,7/20/2022
chocolate oats protein bar,122,7/22/2022
chocolate oats protein bar,367,7/27/2022
chocolate oats protein bar,556,7/28/2022
chocolate oats protein bar,591,7/29/2022
chocolate oats protein bar,947,8/1/2022
chocolate oats protein bar,745,8/2/2022
chocolate oats protein bar,614,8/3/2022
chocolate oats protein bar,80,8/8/2022
chocolate oats protein bar,995,8/9/2022
chocolate oats protein bar,556,8/9/2022
chocolate oats protein bar,472,8/10/2022
chocolate oats protein bar,456,8/11/2022
chocolate oats protein bar,444,8/13/2022
chocolate oats protein bar,928,8/17/2022
chocolate oats protein bar,291,8/20/2022
chocolate oats protein bar,139,8/22/2022
chocolate oats protein bar,947,8/22/2022
chocolate oats protein bar,448,8/22/2022
chocolate oats protein bar,554,8/23/2022
chocolate oats protein bar,283,8/24/2022
chocolate oats protein bar,353,8/28/2022
chocolate oats protein bar,371,8/30/2022
chocolate oats protein bar,938,8/31/2022
chocolate oats protein bar,763,9/1/2022
chocolate oats protein bar,802,9/3/2022
chocolate oats protein bar,135,9/4/2022
chocolate oats protein bar,255,9/5/2022
chocolate oats protein bar,441,9/5/2022
chocolate oats protein bar,487,9/5/2022
chocolate oats protein bar,442,9/6/2022
chocolate oats protein bar,826,9/7/2022
chocolate oats protein bar,87,9/10/2022
chocolate oats protein bar,775,9/12/2022
chocolate oats protein bar,76,9/15/2022
chocolate oats protein bar,141,9/20/2022
chocolate oats protein bar,992,9/21/2022
chocolate oats protein bar,286,9/23/2022
chocolate oats protein bar,637,9/23/2022
chocolate oats protein bar,28,9/28/2022
chocolate oats protein bar,900,9/28/2022
chocolate oats protein bar,676,9/29/2022
chocolate oats protein bar,961,10/9/2022
chocolate oats protein bar,873,10/10/2022
chocolate oats protein bar,309,10/11/2022
chocolate oats protein bar,669,10/15/2022
chocolate oats protein bar,736,10/18/2022
chocolate oats protein bar,14,10/22/2022
chocolate oats protein bar,467,10/31/2022
chocolate oats protein bar,709,11/5/2022
chocolate oats protein bar,999,11/9/2022
chocolate oats protein bar,745,11/10/2022
chocolate oats protein bar,407,11/10/2022
chocolate oats protein bar,847,11/14/2022
chocolate oats protein bar,56,11/15/2022
chocolate oats protein bar,867,11/17/2022
chocolate oats protein bar,134,11/17/2022
chocolate oats protein bar,682,11/19/2022
chocolate oats protein bar,280,11/21/2022
chocolate oats protein bar,920,11/27/2022
chocolate oats protein bar,492,11/30/2022
chocolate oats protein bar,689,11/30/2022
chocolate oats protein bar,523,12/1/2022
chocolate oats protein bar,701,12/2/2022
chocolate oats protein bar,20,12/6/2022
chocolate oats protein bar,77,12/9/2022
chocolate oats protein bar,224,12/10/2022
chocolate oats protein bar,921,12/11/2022
chocolate oats protein bar,746,12/12/2022
chocolate oats protein bar,248,12/13/2022
chocolate oats protein bar,448,12/13/2022
chocolate oats protein bar,370,12/14/2022
chocolate oats protein bar,74,12/15/2022
chocolate oats protein bar,202,12/16/2022
chocolate oats protein bar,308,12/16/2022
chocolate oats protein bar,820,12/16/2022
chocolate oats protein bar,184,12/22/2022
chocolate oats protein bar,535,12/24/2022
chocolate oats protein bar,392,12/25/2022
chocolate oats protein bar,180,12/26/2022
chocolate oats protein bar,28,12/28/2022
chocolate oats protein bar,627,12/28/2022
chocolate oats protein bar,861,12/29/2022
chocolate oats protein bar,843,12/30/2022
chocolate oats protein bar,848,12/31/2022
chocolate oats protein bar,246,1/3/2023
chocolate oats protein bar,545,1/4/2023
chocolate oats protein bar,653,1/7/2023
chocolate oats protein bar,842,1/9/2023
chocolate oats protein bar,844,1/10/2023
chocolate oats protein bar,580,1/10/2023
chocolate oats protein bar,175,1/11/2023
chocolate oats protein bar,521,1/13/2023
chocolate oats protein bar,306,1/16/2023
chocolate oats protein bar,686,1/17/2023
chocolate oats protein bar,557,1/19/2023
chocolate oats protein bar,528,1/19/2023
chocolate oats protein bar,442,1/21/2023
chocolate oats protein bar,148,1/21/2023
chocolate oats protein bar,26,1/23/2023
chocolate oats protein bar,54,1/28/2023
chocolate oats protein bar,64,1/30/2023
chocolate oats protein bar,376,1/30/2023
chocolate oats protein bar,312,1/31/2023
chocolate oats protein bar,703,1/31/2023
chocolate oats protein bar,116,1/31/2023
chocolate oats protein bar,156,2/1/2023
chocolate oats protein bar,566,2/1/2023
chocolate oats protein bar,25,2/2/2023
chocolate oats protein bar,320,2/3/2023
chocolate oats protein bar,614,2/7/2023
chocolate oats protein bar,581,2/9/2023
chocolate oats protein bar,770,2/11/2023
chocolate oats protein bar,905,2/11/2023
chocolate oats protein bar,420,2/15/2023
chocolate oats protein bar,630,2/15/2023
chocolate oats protein bar,831,2/21/2023
chocolate oats protein bar,979,2/21/2023
chocolate oats protein bar,261,2/23/2023
chocolate oats protein bar,846,3/2/2023
chocolate oats protein bar,53,3/3/2023
chocolate oats protein bar,673,3/10/2023
chocolate oats protein bar,481,3/11/2023
chocolate oats protein bar,269,3/15/2023
chocolate oats protein bar,150,3/17/2023
chocolate oats protein bar,121,3/19/2023
chocolate oats protein bar,736,3/20/2023
chocolate oats protein bar,138,3/22/2023
chocolate oats protein bar,237,3/22/2023
chocolate oats protein bar,420,3/25/2023
chocolate oats protein bar,447,3/26/2023
chocolate oats protein bar,105,3/27/2023
chocolate oats protein bar,28,3/28/2023
chocolate oats protein bar,807,4/2/2023
chocolate oats protein bar,308,4/2/2023
chocolate oats protein bar,533,4/10/2023
chocolate oats protein bar,974,4/12/2023
chocolate oats protein bar,372,4/13/2023
chocolate oats protein bar,467,4/16/2023
chocolate oats protein bar,269,4/19/2023
chocolate oats protein bar,910,4/22/2023
chocolate oats protein bar,251,4/23/2023
chocolate oats protein bar,257,4/28/2023
chocolate oats protein bar,367,4/30/2023
chocolate oats protein bar,195,4/30/2023
chocolate oats protein bar,738,5/2/2023
chocolate oats protein bar,494,5/4/2023
chocolate oats protein bar,124,5/4/2023
chocolate oats protein bar,501,5/6/2023
chocolate oats protein bar,118,5/6/2023
chocolate oats protein bar,446,5/8/2023
chocolate oats protein bar,908,5/10/2023
chocolate oats protein bar,537,5/11/2023
chocolate oats protein bar,673,5/13/2023
chocolate oats protein bar,183,5/13/2023
chocolate oats protein bar,8,5/15/2023
chocolate oats protein bar,422,5/17/2023
chocolate oats protein bar,899,5/18/2023
chocolate oats protein bar,278,5/18/2023
chocolate oats protein bar,277,5/20/2023
chocolate oats protein bar,708,5/22/2023
chocolate oats protein bar,185,5/22/2023
chocolate oats protein bar,219,5/23/2023
chocolate oats protein bar,71,5/23/2023
chocolate oats protein bar,387,5/24/2023
chocolate oats protein bar,940,5/25/2023
chocolate oats protein bar,588,5/26/2023
chocolate oats protein bar,321,5/27/2023
chocolate oats protein bar,977,5/29/2023
chocolate oats protein bar,479,5/29/2023
chocolate oats protein bar,262,5/30/2023
chocolate oats protein bar,795,5/30/2023
chocolate oats protein bar,483,5/31/2023
chocolate oats protein bar,228,6/2/2023
chocolate oats protein bar,972,6/5/2023
chocolate oats protein bar,728,6/5/2023
chocolate oats protein bar,146,6/7/2023
chocolate oats protein bar,988,6/7/2023
chocolate oats protein bar,447,6/7/2023
chocolate oats protein bar,390,6/8/2023
chocolate oats protein bar,835,6/9/2023
chocolate oats protein bar,203,6/10/2023
chocolate oats protein bar,772,6/11/2023
chocolate oats protein bar,869,6/21/2023
chocolate oats protein bar,766,6/23/2023
chocolate oats protein bar,97,6/24/2023
chocolate oats protein bar,276,6/26/2023
chocolate oats protein bar,345,6/27/2023
chocolate oats protein bar,232,6/28/2023
chocolate oats protein bar,244,6/28/2023
chocolate oats protein bar,28,7/1/2023
chocolate oats protein bar,216,7/3/2023
chocolate oats protein bar,381,7/4/2023
chocolate oats protein bar,488,7/8/2023
chocolate oats protein bar,99,7/8/2023
chocolate oats protein bar,810,7/14/2023
chocolate oats protein bar,349,7/14/2023
chocolate oats protein bar,934,7/16/2023
chocolate oats protein bar,413,7/23/2023
chocolate oats protein bar,329,7/24/2023
chocolate oats protein bar,267,7/26/2023
chocolate oats protein bar,119,7/29/2023
chocolate oats protein bar,250,7/31/2023
chocolate oats protein bar,639,8/1/2023
chocolate oats protein bar,312,8/1/2023
chocolate oats protein bar,108,8/2/2023
chocolate oats protein bar,19,8/2/2023
chocolate oats protein bar,850,8/4/2023
chocolate oats protein bar,837,8/5/2023
chocolate oats protein bar,616,8/6/2023
chocolate oats protein bar,747,8/6/2023
chocolate oats protein bar,632,8/11/2023
chocolate oats protein bar,952,8/11/2023
chocolate oats protein bar,922,8/12/2023
chocolate oats protein bar,739,8/13/2023
chocolate oats protein bar,976,8/14/2023
chocolate oats protein bar,712,8/15/2023
chocolate oats protein bar,99,8/17/2023
chocolate oats protein bar,40,8/18/2023
chocolate oats protein bar,249,8/19/2023
chocolate oats protein bar,209,8/25/2023
chocolate oats protein bar,716,8/25/2023
chocolate oats protein bar,392,8/26/2023
chocolate oats protein bar,362,8/30/2023
chocolate oats protein bar,349,8/30/2023
chocolate oats protein bar,537,8/30/2023
chocolate oats protein bar,715,8/31/2023
chocolate oats protein bar,178,9/1/2023
chocolate oats protein bar,51,9/1/2023
chocolate oats protein bar,234,9/4/2023
chocolate oats protein bar,708,9/9/2023
chocolate oats protein bar,357,9/10/2023
chocolate oats protein bar,362,9/13/2023
chocolate oats protein bar,959,9/15/2023
chocolate oats protein bar,691,9/16/2023
chocolate oats protein bar,209,9/19/2023
chocolate oats protein bar,819,9/19/2023
chocolate oats protein bar,591,9/20/2023
chocolate oats protein bar,8,9/21/2023
chocolate oats protein bar,600,9/25/2023
chocolate oats protein bar,998,9/26/2023
chocolate oats protein bar,551,9/28/2023
chocolate oats protein bar,995,9/28/2023
chocolate oats protein bar,114,10/5/2023
chocolate oats protein bar,294,10/6/2023
chocolate oats protein bar,80,10/7/2023
chocolate oats protein bar,644,10/8/2023
chocolate oats protein bar,635,10/8/2023
chocolate oats protein bar,243,10/15/2023
chocolate oats protein bar,860,10/15/2023
chocolate oats protein bar,303,10/16/2023
chocolate oats protein bar,316,10/17/2023
chocolate oats protein bar,447,10/21/2023
chocolate oats protein bar,117,10/23/2023
chocolate oats protein bar,958,11/6/2023
chocolate oats protein bar,576,11/9/2023
chocolate oats protein bar,653,11/9/2023
chocolate oats protein bar,560,11/12/2023
chocolate oats protein bar,618,11/13/2023
chocolate oats protein bar,419,11/15/2023
chocolate oats protein bar,833,11/15/2023
chocolate oats protein bar,244,11/16/2023
chocolate oats protein bar,26,11/17/2023
chocolate oats protein bar,888,11/25/2023
chocolate oats protein bar,135,11/25/2023
chocolate oats protein bar,78,11/26/2023
chocolate oats protein bar,424,12/1/2023
chocolate oats protein bar,246,12/3/2023
chocolate oats protein bar,173,12/7/2023
chocolate oats protein bar,268,12/8/2023
chocolate oats protein bar,279,12/9/2023
chocolate oats protein bar,179,12/11/2023
chocolate oats protein bar,289,12/16/2023
chocolate oats protein bar,291,12/17/2023
chocolate oats protein bar,375,12/18/2023
chocolate oats protein bar,521,12/18/2023
chocolate oats protein bar,403,12/19/2023
chocolate oats protein bar,415,12/20/2023
chocolate oats protein bar,303,12/20/2023
chocolate oats protein bar,192,12/30/2023
chocolate oats protein bar,215,1/4/2024
chocolate oats protein bar,242,1/4/2024
chocolate oats protein bar,653,1/5/2024
chocolate oats protein bar,704,1/6/2024
chocolate oats protein bar,116,1/7/2024
chocolate oats protein bar,100,1/9/2024
chocolate oats protein bar,466,1/9/2024
chocolate oats protein bar,647,1/10/2024
chocolate oats protein bar,557,1/11/2024
chocolate oats protein bar,69,1/14/2024
chocolate oats protein bar,942,1/19/2024
chocolate oats protein bar,336,1/20/2024
chocolate oats protein bar,461,1/21/2024
chocolate oats protein bar,298,1/23/2024
chocolate oats protein bar,908,1/24/2024
chocolate oats protein bar,180,1/26/2024
chocolate oats protein bar,754,1/27/2024
chocolate oats protein bar,23,1/28/2024
chocolate oats protein bar,818,2/1/2024
chocolate oats protein bar,186,2/4/2024
chocolate oats protein bar,90,2/5/2024
chocolate oats protein bar,676,2/10/2024
chocolate oats protein bar,908,2/13/2024
chocolate oats protein bar,929,2/14/2024
chocolate oats protein bar,496,2/17/2024
chocolate oats protein bar,102,2/17/2024
chocolate oats protein bar,553,2/18/2024
chocolate oats protein bar,252,2/19/2024
chocolate oats protein bar,809,2/20/2024
chocolate oats protein bar,348,2/23/2024
chocolate oats protein bar,118,2/26/2024
chocolate oats protein bar,88,2/26/2024
chocolate oats protein bar,866,2/26/2024
chocolate oats protein bar,631,3/1/2024
chocolate oats protein bar,494,3/2/2024
chocolate oats protein bar,487,3/4/2024
chocolate oats protein bar,328,3/6/2024
chocolate oats protein bar,530,3/6/2024
chocolate oats protein bar,311,3/7/2024
chocolate oats protein bar,676,3/10/2024
chocolate oats protein bar,702,3/10/2024
chocolate oats protein bar,800,3/13/2024
chocolate oats protein bar,291,3/17/2024
chocolate oats protein bar,504,3/18/2024
chocolate oats protein bar,566,3/19/2024
chocolate oats protein bar,328,3/20/2024
chocolate oats protein bar,935,3/22/2024
chocolate oats protein bar,730,3/23/2024
chocolate oats protein bar,506,3/23/2024
chocolate oats protein bar,284,3/24/2024
chocolate oats protein bar,674,3/24/2024
chocolate oats protein bar,957,3/30/2024
chocolate oats protein bar,793,4/1/2024
chocolate oats protein bar,254,4/6/2024
chocolate oats protein bar,621,4/6/2024
chocolate oats protein bar,810,4/9/2024
chocolate oats protein bar,287,4/9/2024
chocolate oats protein bar,984,4/10/2024
chocolate oats protein bar,49,4/10/2024
chocolate oats protein bar,363,4/11/2024
chocolate oats protein bar,947,4/13/2024
chocolate oats protein bar,240,4/18/2024
chocolate oats protein bar,992,4/18/2024
chocolate oats protein bar,52,4/19/2024
chocolate oats protein bar,884,4/20/2024
chocolate oats protein bar,344,4/21/2024
chocolate oats protein bar,588,4/21/2024
chocolate oats protein bar,677,4/22/2024
chocolate oats protein bar,595,4/23/2024
chocolate oats protein bar,245,4/24/2024
chocolate oats protein bar,667,4/24/2024
chocolate oats protein bar,840,4/27/2024
chocolate oats protein bar,537,4/27/2024
chocolate oats protein bar,672,4/27/2024
chocolate oats protein bar,818,5/2/2024
chocolate oats protein bar,300,5/5/2024
chocolate oats protein bar,971,5/7/2024
chocolate oats protein bar,950,5/8/2024
chocolate oats protein bar,29,5/10/2024
chocolate oats protein bar,830,5/20/2024
chocolate oats protein bar,366,5/21/2024
chocolate oats protein bar,209,5/21/2024
chocolate oats protein bar,74,5/23/2024
chocolate oats protein bar,599,5/28/2024
chocolate oats protein bar,792,6/4/2024
chocolate oats protein bar,18,6/4/2024
chocolate oats protein bar,156,6/7/2024
chocolate oats protein bar,767,6/8/2024
chocolate oats protein bar,690,6/10/2024
chocolate oats protein bar,93,6/17/2024
chocolate oats protein bar,84,6/18/2024
chocolate oats protein bar,313,6/18/2024
chocolate oats protein bar,31,6/20/2024
chocolate oats protein bar,149,6/21/2024
chocolate oats protein bar,773,6/22/2024
chocolate oats protein bar,441,6/23/2024
chocolate oats protein bar,357,6/24/2024
chocolate oats protein bar,313,6/25/2024
chocolate oats protein bar,761,6/26/2024
chocolate oats protein bar,53,6/28/2024
chocolate oats protein bar,420,6/28/2024
chocolate oats protein bar,152,6/30/2024
chocolate oats protein bar,922,6/30/2024
chocolate oats protein bar,182,7/3/2024
chocolate oats protein bar,425,7/4/2024
chocolate oats protein bar,789,7/4/2024
chocolate oats protein bar,515,7/4/2024
chocolate oats protein bar,246,7/6/2024
chocolate oats protein bar,609,7/7/2024
chocolate oats protein bar,960,7/9/2024
chocolate oats protein bar,726,7/10/2024
chocolate oats protein bar,603,7/11/2024
chocolate oats protein bar,710,7/13/2024
chocolate oats protein bar,321,7/16/2024
chocolate oats protein bar,422,7/18/2024
chocolate oats protein bar,259,7/23/2024
chocolate oats protein bar,435,7/24/2024
chocolate oats protein bar,975,7/29/2024
chocolate oats protein bar,704,7/29/2024
chocolate oats protein bar,632,7/29/2024
chocolate oats protein bar,22,7/30/2024
chocolate oats protein bar,990,8/3/2024
chocolate oats protein bar,751,8/4/2024
chocolate oats protein bar,186,8/9/2024
chocolate oats protein bar,510,8/10/2024
chocolate oats protein bar,390,8/13/2024
chocolate oats protein bar,10,8/15/2024
chocolate oats protein bar,718,8/16/2024
chocolate oats protein bar,37,8/16/2024
chocolate oats protein bar,649,8/18/2024
chocolate oats protein bar,309,8/20/2024
chocolate oats protein bar,328,8/20/2024
chocolate oats protein bar,263,8/28/2024
chocolate oats protein bar,177,8/29/2024
chocolate oats protein bar,966,8/31/2024
chocolate oats protein bar,617,9/6/2024
chocolate oats protein bar,476,9/6/2024
chocolate oats protein bar,577,9/6/2024
chocolate oats protein bar,879,9/7/2024
chocolate oats protein bar,488,9/7/2024
chocolate oats protein bar,286,9/9/2024
chocolate oats protein bar,735,9/11/2024
chocolate oats protein bar,418,9/11/2024
chocolate oats protein bar,321,9/11/2024
chocolate oats protein bar,299,9/12/2024
chocolate oats protein bar,89,9/16/2024
chocolate oats protein bar,373,9/17/2024
chocolate oats protein bar,203,9/26/2024
chocolate oats protein bar,977,9/30/2024
chocolate oats protein bar,707,10/4/2024
chocolate oats protein bar,629,10/6/2024
chocolate oats protein bar,177,10/10/2024
chocolate oats protein bar,185,10/13/2024
chocolate oats protein bar,553,10/14/2024
chocolate oats protein bar,650,10/14/2024
chocolate oats protein bar,698,10/16/2024
chocolate oats protein bar,83,10/18/2024
chocolate oats protein bar,717,10/19/2024
chocolate oats protein bar,570,10/20/2024
chocolate oats protein bar,194,10/21/2024
chocolate oats protein bar,587,10/23/2024
chocolate oats protein bar,227,11/2/2024
chocolate oats protein bar,701,11/5/2024
chocolate oats protein bar,929,11/8/2024
chocolate oats protein bar,71,11/8/2024
chocolate oats protein bar,22,11/9/2024
chocolate oats protein bar,854,11/9/2024
chocolate oats protein bar,420,11/10/2024
chocolate oats protein bar,879,11/11/2024
chocolate oats protein bar,836,11/15/2024
chocolate oats protein bar,400,11/15/2024
chocolate oats protein bar,414,11/19/2024
chocolate oats protein bar,371,11/20/2024
chocolate oats protein bar,584,11/21/2024
chocolate oats protein bar,561,11/25/2024
chocolate oats protein bar,993,11/26/2024
chocolate oats protein bar,586,11/28/2024
chocolate oats protein bar,569,12/2/2024
chocolate oats protein bar,678,12/2/2024
chocolate oats protein bar,85,12/7/2024
chocolate oats protein bar,475,12/9/2024
chocolate oats protein bar,475,12/9/2024
chocolate oats protein bar,9,12/10/2024
chocolate oats protein bar,177,12/12/2024
chocolate oats protein bar,646,12/16/2024
chocolate oats protein bar,133,12/17/2024
chocolate oats protein bar,986,12/17/2024
chocolate oats protein bar,214,12/18/2024
chocolate oats protein bar,48,12/20/2024
chocolate oats protein bar,510,12/22/2024
chocolate oats protein bar,714,12/23/2024
chocolate oats protein bar,848,12/24/2024
chocolate oats protein bar,574,12/28/2024
chocolate oats protein bar,130,12/29/2024
chocolate oats protein bar,606,12/30/2024
chocolate oats protein bar,651,1/2/2025
chocolate oats protein bar,63,1/7/2025
chocolate oats protein bar,736,1/13/2025
chocolate oats protein bar,668,1/15/2025
chocolate oats protein bar,483,1/16/2025
chocolate oats protein bar,902,1/20/2025
chocolate oats protein bar,950,1/21/2025
chocolate oats protein bar,660,1/25/2025
chocolate oats protein bar,159,1/25/2025
chocolate oats protein bar,886,1/25/2025
chocolate oats protein bar,355,1/25/2025
chocolate oats protein bar,329,1/26/2025
chocolate oats protein bar,905,1/26/2025
chocolate oats protein bar,623,1/29/2025
chocolate oats protein bar,978,1/31/2025
chocolate oats protein bar,968,1/31/2025
chocolate oats protein bar,302,2/3/2025
chocolate oats protein bar,828,2/7/2025
chocolate oats protein bar,988,2/8/2025
chocolate oats protein bar,142,2/12/2025
chocolate oats protein bar,433,2/12/2025
chocolate oats protein bar,60,2/14/2025
chocolate oats protein bar,647,2/14/2025
chocolate oats protein bar,244,2/15/2025
chocolate oats protein bar,837,2/15/2025
chocolate oats protein bar,312,2/19/2025
chocolate oats protein bar,782,2/21/2025
chocolate oats protein bar,50,2/23/2025
chocolate oats protein bar,135,2/27/2025
chocolate oats protein bar,302,3/1/2025
chocolate oats protein bar,267,3/2/2025
chocolate oats protein bar,886,3/3/2025
chocolate oats protein bar,406,3/4/2025
chocolate oats protein bar,259,3/5/2025
chocolate oats protein bar,440,3/5/2025
chocolate oats protein bar,571,3/7/2025
chocolate oats protein bar,415,3/8/2025
chocolate oats protein bar,565,3/10/2025
chocolate oats protein bar,113,3/10/2025
chocolate oats protein bar,412,3/13/2025
chocolate oats protein bar,627,3/22/2025
chocolate oats protein bar,927,3/23/2025
chocolate oats protein bar,945,3/27/2025
chocolate oats protein bar,569,3/31/2025
chocolate oats protein bar,512,3/31/2025
chocolate oats protein bar,775,4/5/2025
chocolate oats protein bar,124,4/6/2025
chocolate oats protein bar,689,4/11/2025
chocolate oats protein bar,185,4/12/2025
chocolate oats protein bar,145,4/13/2025
chocolate oats protein bar,258,4/14/2025
chocolate oats protein bar,647,4/18/2025
chocolate oats protein bar,474,4/19/2025
chocolate oats protein bar,483,4/20/2025
chocolate oats protein bar,160,4/21/2025
chocolate oats protein bar,914,4/23/2025
chocolate oats protein bar,484,4/26/2025
chocolate oats protein bar,258,4/29/2025
chocolate oats protein bar,351,5/1/2025
chocolate oats protein bar,123,5/3/2025
chocolate oats protein bar,594,5/10/2025
chocolate oats protein bar,740,5/10/2025
chocolate oats protein bar,528,5/10/2025
chocolate oats protein bar,648,5/11/2025
chocolate oats protein bar,184,5/12/2025
chocolate oats protein bar,31,5/16/2025
chocolate oats protein bar,865,5/17/2025
chocolate oats protein bar,98,5/19/2025
chocolate oats protein bar,562,5/19/2025
chocolate oats protein bar,78,5/20/2025
chocolate oats protein bar,210,5/22/2025
chocolate oats protein bar,254,5/22/2025
chocolate oats protein bar,421,5/23/2025
chocolate oats protein bar,175,5/25/2025
chocolate oats protein bar,842,5/26/2025
chocolate oats protein bar,878,5/27/2025
chocolate oats protein bar,238,5/27/2025
chocolate oats protein bar,624,5/29/2025
chocolate oats protein bar,713,5/31/2025
chocolate oats protein bar,11,6/2/2025
chocolate oats protein bar,91,6/2/2025
chocolate oats protein bar,888,6/7/2025
chocolate oats protein bar,107,6/9/2025
chocolate oats protein bar,992,6/9/2025
chocolate oats protein bar,934,6/10/2025
chocolate oats protein bar,612,6/11/2025
chocolate oats protein bar,937,6/13/2025
chocolate oats protein bar,169,6/14/2025
chocolate oats protein bar,404,6/19/2025
chocolate oats protein bar,277,6/19/2025
chocolate oats protein bar,137,6/20/2025
chocolate oats protein bar,540,6/20/2025
chocolate oats protein bar,530,6/22/2025
chocolate oats protein bar,757,6/23/2025
chocolate oats protein bar,477,6/26/2025
chocolate oats protein bar,561,6/26/2025
chocolate oats protein bar,460,7/2/2025
chocolate oats protein bar,615,7/4/2025
chocolate oats protein bar,612,7/7/2025
chocolate oats protein bar,831,7/8/2025
chocolate oats protein bar,908,7/9/2025
chocolate oats protein bar,202,7/9/2025
chocolate oats protein bar,721,7/16/2025
chocolate oats protein bar,286,7/16/2025
chocolate oats protein bar,895,7/16/2025
chocolate oats protein bar,186,7/18/2025
chocolate oats protein bar,713,7/19/2025
chocolate oats protein bar,769,7/22/2025
chocolate oats protein bar,832,8/1/2025
chocolate oats protein bar,700,8/1/2025
chocolate oats protein bar,455,8/5/2025
chocolate oats protein bar,347,8/6/2025
chocolate oats protein bar,427,8/8/2025
chocolate oats protein bar,821,8/10/2025
chocolate oats protein bar,862,8/12/2025
chocolate oats protein bar,864,8/13/2025
chocolate oats protein bar,988,8/17/2025
chocolate oats protein bar,457,8/19/2025
chocolate oats protein bar,610,8/21/2025
chocolate oats protein bar,937,8/24/2025
chocolate oats protein bar,340,8/26/2025
chocolate oats protein bar,947,8/30/2025
chocolate oats protein bar,39,8/31/2025
chocolate oats protein bar,324,9/3/2025
chocolate oats protein bar,64,9/5/2025
chocolate oats protein bar,927,9/6/2025
chocolate oats protein bar,634,9/8/2025
chocolate oats protein bar,847,9/9/2025
chocolate oats protein bar,277,9/12/2025
chocolate oats protein bar,129,9/15/2025
chocolate oats protein bar,224,9/15/2025
chocolate oats protein bar,183,9/17/2025
chocolate oats protein bar,498,9/17/2025
chocolate oats protein bar,93,9/19/2025
chocolate oats protein bar,954,9/21/2025
chocolate oats protein bar,393,9/23/2025
chocolate oats protein bar,430,9/25/2025
chocolate oats protein bar,437,9/26/2025
chocolate oats protein bar,636,9/29/2025
chocolate oats protein bar,835,9/30/2025
chocolate oats protein bar,346,10/1/2025
chocolate oats protein bar,188,10/2/2025
chocolate oats protein bar,901,10/11/2025
chocolate oats protein bar,444,10/13/2025
chocolate oats protein bar,422,10/14/2025
chocolate oats protein bar,388,10/16/2025
chocolate oats protein bar,216,10/18/2025
chocolate oats protein bar,895,10/18/2025
chocolate oats protein bar,482,10/22/2025
chocolate oats protein bar,298,10/25/2025
chocolate oats protein bar,170,10/29/2025
chocolate oats protein bar,364,10/31/2025
chocolate oats protein bar,629,11/1/2025
chocolate oats protein bar,741,11/5/2025
chocolate oats protein bar,456,11/5/2025
chocolate oats protein bar,885,11/6/2025
chocolate oats protein bar,743,11/8/2025
chocolate oats protein bar,840,11/9/2025
chocolate oats protein bar,201,11/14/2025
chocolate oats protein bar,816,11/18/2025
chocolate oats protein bar,372,11/19/2025
chocolate oats protein bar,274,11/21/2025
chocolate oats protein bar,853,11/23/2025
chocolate oats protein bar,282,11/30/2025
chocolate oats protein bar,516,11/30/2025
chocolate oats protein bar,911,12/1/2025
chocolate oats protein bar,668,12/4/2025
chocolate oats protein bar,522,12/8/2025
chocolate oats protein bar,212,12/9/2025
chocolate oats protein bar,621,12/13/2025
chocolate oats protein bar,475,12/16/2025
chocolate oats protein bar,375,12/18/2025
chocolate oats protein bar,380,12/21/2025
chocolate oats protein bar,901,12/22/2025
chocolate oats protein bar,372,12/27/2025
chocolate oats protein bar,321,12/29/2025
chocolate oats protein bar,489,12/30/2025
chocolate oats protein bar,376,12/30/2025
chocolate oats protein bar,477,1/4/2026
chocolate oats protein bar,746,1/5/2026
chocolate oats protein bar,674,1/15/2026
chocolate oats protein bar,695,1/16/2026
chocolate oats protein bar,377,1/24/2026
chocolate oats protein bar,658,1/25/2026
chocolate oats protein bar,404,1/28/2026
chocolate oats protein bar,495,1/28/2026
chocolate oats protein bar,645,1/29/2026
chocolate oats protein bar,328,1/30/2026
chocolate oats protein bar,683,1/30/2026
chocolate oats protein bar,700,2/1/2026
chocolate oats protein bar,509,2/1/2026
chocolate oats protein bar,682,2/2/2026
chocolate oats protein bar,467,2/3/2026
chocolate oats protein bar,339,2/3/2026
chocolate oats protein bar,495,2/6/2026
chocolate oats protein bar,481,2/6/2026
chocolate oats protein bar,207,2/7/2026
chocolate oats protein bar,408,2/12/2026
chocolate oats protein bar,405,2/18/2026
chocolate oats protein bar,981,2/19/2026
chocolate oats protein bar,583,2/20/2026
chocolate oats protein bar,772,2/20/2026
chocolate oats protein bar,274,2/20/2026
chocolate oats protein bar,616,2/24/2026
chocolate oats protein bar,492,2/27/2026
chocolate oats protein bar,198,2/28/2026
chocolate oats protein bar,841,2/28/2026
chocolate oats protein bar,539,3/9/2026
chocolate oats protein bar,956,3/11/2026
chocolate oats protein bar,482,3/12/2026
chocolate oats protein bar,775,3/12/2026
chocolate oats protein bar,17,3/13/2026
chocolate oats protein bar,867,3/15/2026
chocolate oats protein bar,866,3/15/2026
chocolate oats protein bar,271,3/16/2026
chocolate oats protein bar,258,3/16/2026
chocolate oats protein bar,976,3/18/2026
chocolate oats protein bar,414,3/20/2026
chocolate oats protein bar,732,3/20/2026
chocolate oats protein bar,467,3/21/2026
chocolate oats protein bar,995,3/22/2026
chia seed wellness bar,567,3/6/2021
chia seed wellness bar,552,3/8/2021
chia seed wellness bar,77,3/12/2021
chia seed wellness bar,694,3/13/2021
chia seed wellness bar,665,3/14/2021
chia seed wellness bar,798,3/14/2021
chia seed wellness bar,445,3/17/2021
chia seed wellness bar,347,3/20/2021
chia seed wellness bar,38,3/20/2021
chia seed wellness bar,622,3/20/2021
chia seed wellness bar,243,3/26/2021
chia seed wellness bar,456,3/26/2021
chia seed wellness bar,86,3/28/2021
chia seed wellness bar,997,3/31/2021
chia seed wellness bar,315,4/2/2021
chia seed wellness bar,89,4/5/2021
chia seed wellness bar,634,4/6/2021
chia seed wellness bar,443,4/14/2021
chia seed wellness bar,545,4/15/2021
chia seed wellness bar,198,4/17/2021
chia seed wellness bar,107,4/17/2021
chia seed wellness bar,760,4/23/2021
chia seed wellness bar,56,4/24/2021
chia seed wellness bar,737,4/29/2021
chia seed wellness bar,443,5/5/2021
chia seed wellness bar,692,5/5/2021
chia seed wellness bar,452,5/6/2021
chia seed wellness bar,654,5/9/2021
chia seed wellness bar,457,5/10/2021
chia seed wellness bar,371,5/10/2021
chia seed wellness bar,658,5/10/2021
chia seed wellness bar,51,5/15/2021
chia seed wellness bar,685,5/19/2021
chia seed wellness bar,448,5/21/2021
chia seed wellness bar,527,5/21/2021
chia seed wellness bar,661,5/25/2021
chia seed wellness bar,367,5/25/2021
chia seed wellness bar,54,5/26/2021
chia seed wellness bar,1,5/27/2021
chia seed wellness bar,98,5/29/2021
chia seed wellness bar,52,6/1/2021
chia seed wellness bar,831,6/3/2021
chia seed wellness bar,422,6/3/2021
chia seed wellness bar,522,6/5/2021
chia seed wellness bar,811,6/6/2021
chia seed wellness bar,242,6/6/2021
chia seed wellness bar,245,6/6/2021
chia seed wellness bar,790,6/8/2021
chia seed wellness bar,420,6/9/2021
chia seed wellness bar,543,6/11/2021
chia seed wellness bar,371,6/11/2021
chia seed wellness bar,899,6/15/2021
chia seed wellness bar,69,6/16/2021
chia seed wellness bar,831,6/19/2021
chia seed wellness bar,197,6/21/2021
chia seed wellness bar,307,6/22/2021
chia seed wellness bar,812,6/26/2021
chia seed wellness bar,774,6/27/2021
chia seed wellness bar,71,7/1/2021
chia seed wellness bar,697,7/3/2021
chia seed wellness bar,493,7/3/2021
chia seed wellness bar,942,7/5/2021
chia seed wellness bar,113,7/7/2021
chia seed wellness bar,170,7/8/2021
chia seed wellness bar,192,7/9/2021
chia seed wellness bar,779,7/10/2021
chia seed wellness bar,788,7/10/2021
chia seed wellness bar,938,7/11/2021
chia seed wellness bar,327,7/12/2021
chia seed wellness bar,515,7/12/2021
chia seed wellness bar,670,7/13/2021
chia seed wellness bar,386,7/13/2021
chia seed wellness bar,800,7/21/2021
chia seed wellness bar,316,7/22/2021
chia seed wellness bar,700,7/22/2021
chia seed wellness bar,129,7/26/2021
chia seed wellness bar,935,7/27/2021
chia seed wellness bar,612,7/28/2021
chia seed wellness bar,5,7/28/2021
chia seed wellness bar,495,8/1/2021
chia seed wellness bar,798,8/2/2021
chia seed wellness bar,939,8/4/2021
chia seed wellness bar,254,8/6/2021
chia seed wellness bar,341,8/6/2021
chia seed wellness bar,10,8/9/2021
chia seed wellness bar,474,8/10/2021
chia seed wellness bar,528,8/10/2021
chia seed wellness bar,987,8/14/2021
chia seed wellness bar,258,8/15/2021
chia seed wellness bar,85,8/17/2021
chia seed wellness bar,17,8/17/2021
chia seed wellness bar,761,8/19/2021
chia seed wellness bar,834,8/21/2021
chia seed wellness bar,18,8/24/2021
chia seed wellness bar,959,8/25/2021
chia seed wellness bar,121,8/25/2021
chia seed wellness bar,734,8/27/2021
chia seed wellness bar,639,8/29/2021
chia seed wellness bar,759,8/31/2021
chia seed wellness bar,468,9/5/2021
chia seed wellness bar,535,9/8/2021
chia seed wellness bar,311,9/8/2021
chia seed wellness bar,28,9/9/2021
chia seed wellness bar,904,9/10/2021
chia seed wellness bar,991,9/11/2021
chia seed wellness bar,874,9/15/2021
chia seed wellness bar,73,9/15/2021
chia seed wellness bar,490,9/23/2021
chia seed wellness bar,49,9/23/2021
chia seed wellness bar,97,9/27/2021
chia seed wellness bar,891,9/29/2021
chia seed wellness bar,378,10/4/2021
chia seed wellness bar,589,10/11/2021
chia seed wellness bar,959,10/14/2021
chia seed wellness bar,813,10/14/2021
chia seed wellness bar,769,10/15/2021
chia seed wellness bar,728,10/16/2021
chia seed wellness bar,955,10/16/2021
chia seed wellness bar,348,10/19/2021
chia seed wellness bar,496,10/21/2021
chia seed wellness bar,374,10/21/2021
chia seed wellness bar,637,10/21/2021
chia seed wellness bar,70,10/23/2021
chia seed wellness bar,479,10/24/2021
chia seed wellness bar,290,10/26/2021
chia seed wellness bar,129,10/26/2021
chia seed wellness bar,264,10/29/2021
chia seed wellness bar,215,10/30/2021
chia seed wellness bar,16,10/30/2021
chia seed wellness bar,662,10/31/2021
chia seed wellness bar,448,11/3/2021
chia seed wellness bar,423,11/6/2021
chia seed wellness bar,545,11/7/2021
chia seed wellness bar,522,11/9/2021
chia seed wellness bar,995,11/10/2021
chia seed wellness bar,87,11/11/2021
chia seed wellness bar,304,11/16/2021
chia seed wellness bar,595,11/22/2021
chia seed wellness bar,368,11/23/2021
chia seed wellness bar,991,11/23/2021
chia seed wellness bar,357,11/25/2021
chia seed wellness bar,484,11/30/2021
chia seed wellness bar,773,11/30/2021
chia seed wellness bar,71,12/1/2021
chia seed wellness bar,553,12/3/2021
chia seed wellness bar,959,12/4/2021
chia seed wellness bar,640,12/4/2021
chia seed wellness bar,241,12/5/2021
chia seed wellness bar,552,12/6/2021
chia seed wellness bar,648,12/6/2021
chia seed wellness bar,328,12/9/2021
chia seed wellness bar,847,12/10/2021
chia seed wellness bar,45,12/11/2021
chia seed wellness bar,603,12/12/2021
chia seed wellness bar,732,12/12/2021
chia seed wellness bar,21,12/13/2021
chia seed wellness bar,588,12/13/2021
chia seed wellness bar,418,12/15/2021
chia seed wellness bar,187,12/15/2021
chia seed wellness bar,794,12/16/2021
chia seed wellness bar,551,12/17/2021
chia seed wellness bar,889,12/20/2021
chia seed wellness bar,821,12/20/2021
chia seed wellness bar,505,12/24/2021
chia seed wellness bar,400,12/24/2021
chia seed wellness bar,263,12/25/2021
chia seed wellness bar,523,12/27/2021
chia seed wellness bar,95,12/27/2021
chia seed wellness bar,570,12/28/2021
chia seed wellness bar,71,12/29/2021
chia seed wellness bar,675,1/2/2022
chia seed wellness bar,910,1/2/2022
chia seed wellness bar,920,1/2/2022
chia seed wellness bar,49,1/5/2022
chia seed wellness bar,903,1/7/2022
chia seed wellness bar,526,1/8/2022
chia seed wellness bar,752,1/11/2022
chia seed wellness bar,492,1/11/2022
chia seed wellness bar,795,1/14/2022
chia seed wellness bar,84,1/17/2022
chia seed wellness bar,112,1/17/2022
chia seed wellness bar,382,1/18/2022
chia seed wellness bar,745,1/21/2022
chia seed wellness bar,585,1/21/2022
chia seed wellness bar,648,1/21/2022
chia seed wellness bar,269,1/25/2022
chia seed wellness bar,845,1/29/2022
chia seed wellness bar,67,1/30/2022
chia seed wellness bar,484,1/31/2022
chia seed wellness bar,434,2/1/2022
chia seed wellness bar,263,2/2/2022
chia seed wellness bar,739,2/4/2022
chia seed wellness bar,981,2/6/2022
chia seed wellness bar,616,2/8/2022
chia seed wellness bar,112,2/9/2022
chia seed wellness bar,119,2/9/2022
chia seed wellness bar,435,2/14/2022
chia seed wellness bar,193,2/15/2022
chia seed wellness bar,125,2/16/2022
chia seed wellness bar,587,2/16/2022
chia seed wellness bar,928,2/17/2022
chia seed wellness bar,123,2/19/2022
chia seed wellness bar,118,2/21/2022
chia seed wellness bar,661,2/21/2022
chia seed wellness bar,733,2/21/2022
chia seed wellness bar,678,2/27/2022
chia seed wellness bar,766,2/28/2022
chia seed wellness bar,919,3/2/2022
chia seed wellness bar,976,3/6/2022
chia seed wellness bar,290,3/9/2022
chia seed wellness bar,424,3/13/2022
chia seed wellness bar,705,3/16/2022
chia seed wellness bar,955,3/17/2022
chia seed wellness bar,60,3/18/2022
chia seed wellness bar,277,3/22/2022
chia seed wellness bar,967,3/24/2022
chia seed wellness bar,405,3/25/2022
chia seed wellness bar,747,3/26/2022
chia seed wellness bar,175,3/28/2022
chia seed wellness bar,780,3/28/2022
chia seed wellness bar,241,4/2/2022
chia seed wellness bar,708,4/3/2022
chia seed wellness bar,518,4/3/2022
chia seed wellness bar,203,4/4/2022
chia seed wellness bar,513,4/5/2022
chia seed wellness bar,576,4/6/2022
chia seed wellness bar,346,4/7/2022
chia seed wellness bar,802,4/9/2022
chia seed wellness bar,535,4/10/2022
chia seed wellness bar,319,4/13/2022
chia seed wellness bar,648,4/17/2022
chia seed wellness bar,331,4/18/2022
chia seed wellness bar,828,4/18/2022
chia seed wellness bar,653,4/20/2022
chia seed wellness bar,781,4/23/2022
chia seed wellness bar,728,4/23/2022
chia seed wellness bar,461,4/26/2022
chia seed wellness bar,571,4/29/2022
chia seed wellness bar,875,4/29/2022
chia seed wellness bar,374,5/3/2022
chia seed wellness bar,792,5/3/2022
chia seed wellness bar,137,5/4/2022
chia seed wellness bar,702,5/6/2022
chia seed wellness bar,566,5/7/2022
chia seed wellness bar,154,5/10/2022
chia seed wellness bar,387,5/14/2022
chia seed wellness bar,989,5/15/2022
chia seed wellness bar,214,5/16/2022
chia seed wellness bar,817,5/16/2022
chia seed wellness bar,172,5/21/2022
chia seed wellness bar,245,5/22/2022
chia seed wellness bar,964,5/23/2022
chia seed wellness bar,677,5/24/2022
chia seed wellness bar,211,5/24/2022
chia seed wellness bar,35,5/27/2022
chia seed wellness bar,669,5/28/2022
chia seed wellness bar,684,5/29/2022
chia seed wellness bar,446,5/29/2022
chia seed wellness bar,784,5/30/2022
chia seed wellness bar,139,5/30/2022
chia seed wellness bar,504,5/30/2022
chia seed wellness bar,882,6/2/2022
chia seed wellness bar,651,6/2/2022
chia seed wellness bar,152,6/3/2022
chia seed wellness bar,203,6/3/2022
chia seed wellness bar,886,6/5/2022
chia seed wellness bar,48,6/8/2022
chia seed wellness bar,56,6/9/2022
chia seed wellness bar,571,6/9/2022
chia seed wellness bar,555,6/10/2022
chia seed wellness bar,850,6/11/2022
chia seed wellness bar,390,6/11/2022
chia seed wellness bar,335,6/11/2022
chia seed wellness bar,452,6/14/2022
chia seed wellness bar,58,6/14/2022
chia seed wellness bar,368,6/15/2022
chia seed wellness bar,396,6/20/2022
chia seed wellness bar,756,6/20/2022
chia seed wellness bar,357,6/21/2022
chia seed wellness bar,789,6/22/2022
chia seed wellness bar,469,6/22/2022
chia seed wellness bar,317,6/22/2022
chia seed wellness bar,673,6/29/2022
chia seed wellness bar,23,7/2/2022
chia seed wellness bar,971,7/2/2022
chia seed wellness bar,178,7/3/2022
chia seed wellness bar,595,7/3/2022
chia seed wellness bar,244,7/3/2022
chia seed wellness bar,744,7/10/2022
chia seed wellness bar,364,7/10/2022
chia seed wellness bar,362,7/16/2022
chia seed wellness bar,190,7/18/2022
chia seed wellness bar,337,7/19/2022
chia seed wellness bar,372,7/19/2022
chia seed wellness bar,255,7/21/2022
chia seed wellness bar,953,7/22/2022
chia seed wellness bar,707,7/28/2022
chia seed wellness bar,471,7/28/2022
chia seed wellness bar,419,7/28/2022
chia seed wellness bar,428,7/29/2022
chia seed wellness bar,944,8/1/2022
chia seed wellness bar,316,8/4/2022
chia seed wellness bar,572,8/10/2022
chia seed wellness bar,965,8/10/2022
chia seed wellness bar,463,8/13/2022
chia seed wellness bar,229,8/18/2022
chia seed wellness bar,53,8/19/2022
chia seed wellness bar,629,8/21/2022
chia seed wellness bar,926,8/23/2022
chia seed wellness bar,537,8/23/2022
chia seed wellness bar,825,8/23/2022
chia seed wellness bar,187,8/24/2022
chia seed wellness bar,696,8/30/2022
chia seed wellness bar,688,9/2/2022
chia seed wellness bar,665,9/3/2022
chia seed wellness bar,346,9/3/2022
chia seed wellness bar,628,9/4/2022
chia seed wellness bar,790,9/4/2022
chia seed wellness bar,545,9/4/2022
chia seed wellness bar,419,9/5/2022
chia seed wellness bar,839,9/9/2022
chia seed wellness bar,772,9/10/2022
chia seed wellness bar,517,9/10/2022
chia seed wellness bar,755,9/12/2022
chia seed wellness bar,8,9/13/2022
chia seed wellness bar,767,9/14/2022
chia seed wellness bar,19,9/15/2022
chia seed wellness bar,507,9/16/2022
chia seed wellness bar,847,9/25/2022
chia seed wellness bar,366,9/25/2022
chia seed wellness bar,287,9/26/2022
chia seed wellness bar,721,9/26/2022
chia seed wellness bar,24,10/2/2022
chia seed wellness bar,648,10/9/2022
chia seed wellness bar,447,10/9/2022
chia seed wellness bar,322,10/9/2022
chia seed wellness bar,215,10/22/2022
chia seed wellness bar,579,10/26/2022
chia seed wellness bar,255,10/30/2022
chia seed wellness bar,589,11/2/2022
chia seed wellness bar,652,11/3/2022
chia seed wellness bar,351,11/7/2022
chia seed wellness bar,78,11/7/2022
chia seed wellness bar,636,11/9/2022
chia seed wellness bar,232,11/14/2022
chia seed wellness bar,685,11/16/2022
chia seed wellness bar,189,11/19/2022
chia seed wellness bar,493,11/20/2022
chia seed wellness bar,590,11/23/2022
chia seed wellness bar,444,11/23/2022
chia seed wellness bar,765,11/23/2022
chia seed wellness bar,144,11/26/2022
chia seed wellness bar,24,11/28/2022
chia seed wellness bar,460,12/4/2022
chia seed wellness bar,412,12/5/2022
chia seed wellness bar,538,12/6/2022
chia seed wellness bar,257,12/7/2022
chia seed wellness bar,719,12/13/2022
chia seed wellness bar,69,12/17/2022
chia seed wellness bar,507,12/18/2022
chia seed wellness bar,603,12/20/2022
chia seed wellness bar,362,12/21/2022
chia seed wellness bar,634,12/21/2022
chia seed wellness bar,489,12/24/2022
chia seed wellness bar,408,12/26/2022
chia seed wellness bar,178,12/27/2022
chia seed wellness bar,630,12/28/2022
chia seed wellness bar,974,12/29/2022
chia seed wellness bar,428,12/30/2022
chia seed wellness bar,786,1/4/2023
chia seed wellness bar,621,1/5/2023
chia seed wellness bar,598,1/6/2023
chia seed wellness bar,494,1/7/2023
chia seed wellness bar,983,1/9/2023
chia seed wellness bar,718,1/12/2023
chia seed wellness bar,65,1/13/2023
chia seed wellness bar,4,1/14/2023
chia seed wellness bar,234,1/17/2023
chia seed wellness bar,281,1/21/2023
chia seed wellness bar,803,1/25/2023
chia seed wellness bar,738,1/25/2023
chia seed wellness bar,879,1/26/2023
chia seed wellness bar,56,1/26/2023
chia seed wellness bar,776,1/26/2023
chia seed wellness bar,282,1/28/2023
chia seed wellness bar,728,1/31/2023
chia seed wellness bar,621,2/1/2023
chia seed wellness bar,210,2/1/2023
chia seed wellness bar,661,2/2/2023
chia seed wellness bar,998,2/7/2023
chia seed wellness bar,564,2/7/2023
chia seed wellness bar,614,2/9/2023
chia seed wellness bar,4,2/11/2023
chia seed wellness bar,123,2/11/2023
chia seed wellness bar,214,2/17/2023
chia seed wellness bar,268,2/19/2023
chia seed wellness bar,248,2/22/2023
chia seed wellness bar,713,2/23/2023
chia seed wellness bar,484,2/24/2023
chia seed wellness bar,34,2/25/2023
chia seed wellness bar,161,2/26/2023
chia seed wellness bar,458,2/26/2023
chia seed wellness bar,773,2/27/2023
chia seed wellness bar,247,2/27/2023
chia seed wellness bar,149,2/28/2023
chia seed wellness bar,514,3/1/2023
chia seed wellness bar,495,3/1/2023
chia seed wellness bar,719,3/2/2023
chia seed wellness bar,880,3/3/2023
chia seed wellness bar,533,3/3/2023
chia seed wellness bar,734,3/4/2023
chia seed wellness bar,706,3/5/2023
chia seed wellness bar,535,3/7/2023
chia seed wellness bar,13,3/7/2023
chia seed wellness bar,350,3/10/2023
chia seed wellness bar,85,3/18/2023
chia seed wellness bar,64,3/18/2023
chia seed wellness bar,970,3/25/2023
chia seed wellness bar,949,3/26/2023
chia seed wellness bar,995,3/26/2023
chia seed wellness bar,660,3/27/2023
chia seed wellness bar,959,4/5/2023
chia seed wellness bar,55,4/6/2023
chia seed wellness bar,652,4/7/2023
chia seed wellness bar,799,4/8/2023
chia seed wellness bar,89,4/8/2023
chia seed wellness bar,258,4/9/2023
chia seed wellness bar,743,4/12/2023
chia seed wellness bar,635,4/12/2023
chia seed wellness bar,931,4/21/2023
chia seed wellness bar,360,4/23/2023
chia seed wellness bar,369,4/25/2023
chia seed wellness bar,198,4/28/2023
chia seed wellness bar,275,4/28/2023
chia seed wellness bar,363,4/28/2023
chia seed wellness bar,667,4/30/2023
chia seed wellness bar,355,5/3/2023
chia seed wellness bar,283,5/4/2023
chia seed wellness bar,482,5/5/2023
chia seed wellness bar,706,5/6/2023
chia seed wellness bar,260,5/9/2023
chia seed wellness bar,512,5/10/2023
chia seed wellness bar,253,5/13/2023
chia seed wellness bar,42,5/13/2023
chia seed wellness bar,468,5/15/2023
chia seed wellness bar,767,5/19/2023
chia seed wellness bar,701,5/19/2023
chia seed wellness bar,873,5/26/2023
chia seed wellness bar,362,5/27/2023
chia seed wellness bar,956,5/28/2023
chia seed wellness bar,627,5/30/2023
chia seed wellness bar,151,5/30/2023
chia seed wellness bar,19,5/31/2023
chia seed wellness bar,521,6/1/2023
chia seed wellness bar,470,6/2/2023
chia seed wellness bar,387,6/3/2023
chia seed wellness bar,687,6/4/2023
chia seed wellness bar,797,6/5/2023
chia seed wellness bar,381,6/6/2023
chia seed wellness bar,921,6/7/2023
chia seed wellness bar,467,6/7/2023
chia seed wellness bar,516,6/8/2023
chia seed wellness bar,951,6/9/2023
chia seed wellness bar,175,6/14/2023
chia seed wellness bar,716,6/17/2023
chia seed wellness bar,505,6/18/2023
chia seed wellness bar,527,6/19/2023
chia seed wellness bar,573,6/23/2023
chia seed wellness bar,281,6/23/2023
chia seed wellness bar,458,7/1/2023
chia seed wellness bar,636,7/3/2023
chia seed wellness bar,379,7/7/2023
chia seed wellness bar,337,7/7/2023
chia seed wellness bar,190,7/9/2023
chia seed wellness bar,571,7/9/2023
chia seed wellness bar,742,7/9/2023
chia seed wellness bar,872,7/10/2023
chia seed wellness bar,923,7/11/2023
chia seed wellness bar,970,7/13/2023
chia seed wellness bar,122,7/13/2023
chia seed wellness bar,242,7/17/2023
chia seed wellness bar,944,7/20/2023
chia seed wellness bar,559,7/26/2023
chia seed wellness bar,71,7/28/2023
chia seed wellness bar,365,7/29/2023
chia seed wellness bar,665,7/30/2023
chia seed wellness bar,859,8/1/2023
chia seed wellness bar,24,8/1/2023
chia seed wellness bar,620,8/4/2023
chia seed wellness bar,891,8/5/2023
chia seed wellness bar,24,8/6/2023
chia seed wellness bar,516,8/6/2023
chia seed wellness bar,991,8/7/2023
chia seed wellness bar,372,8/7/2023
chia seed wellness bar,852,8/9/2023
chia seed wellness bar,940,8/10/2023
chia seed wellness bar,461,8/10/2023
chia seed wellness bar,854,8/11/2023
chia seed wellness bar,916,8/16/2023
chia seed wellness bar,334,8/27/2023
chia seed wellness bar,708,8/28/2023
chia seed wellness bar,759,8/29/2023
chia seed wellness bar,150,8/29/2023
chia seed wellness bar,329,8/30/2023
chia seed wellness bar,200,8/31/2023
chia seed wellness bar,70,9/1/2023
chia seed wellness bar,561,9/4/2023
chia seed wellness bar,546,9/8/2023
chia seed wellness bar,238,9/8/2023
chia seed wellness bar,985,9/14/2023
chia seed wellness bar,410,9/19/2023
chia seed wellness bar,197,9/23/2023
chia seed wellness bar,541,9/28/2023
chia seed wellness bar,98,9/29/2023
chia seed wellness bar,455,9/30/2023
chia seed wellness bar,259,10/4/2023
chia seed wellness bar,549,10/5/2023
chia seed wellness bar,969,10/8/2023
chia seed wellness bar,17,10/11/2023
chia seed wellness bar,198,10/16/2023
chia seed wellness bar,497,10/22/2023
chia seed wellness bar,107,10/22/2023
chia seed wellness bar,863,10/25/2023
chia seed wellness bar,78,10/25/2023
chia seed wellness bar,4,10/27/2023
chia seed wellness bar,415,10/27/2023
chia seed wellness bar,776,10/27/2023
chia seed wellness bar,737,10/28/2023
chia seed wellness bar,58,10/28/2023
chia seed wellness bar,83,10/31/2023
chia seed wellness bar,718,11/3/2023
chia seed wellness bar,714,11/4/2023
chia seed wellness bar,817,11/6/2023
chia seed wellness bar,935,11/6/2023
chia seed wellness bar,38,11/11/2023
chia seed wellness bar,210,11/15/2023
chia seed wellness bar,70,11/17/2023
chia seed wellness bar,657,11/22/2023
chia seed wellness bar,778,11/23/2023
chia seed wellness bar,967,11/25/2023
chia seed wellness bar,686,11/25/2023
chia seed wellness bar,37,11/26/2023
chia seed wellness bar,922,11/26/2023
chia seed wellness bar,343,11/27/2023
chia seed wellness bar,986,11/27/2023
chia seed wellness bar,704,11/29/2023
chia seed wellness bar,214,12/1/2023
chia seed wellness bar,722,12/3/2023
chia seed wellness bar,257,12/3/2023
chia seed wellness bar,980,12/3/2023
chia seed wellness bar,690,12/5/2023
chia seed wellness bar,275,12/5/2023
chia seed wellness bar,406,12/8/2023
chia seed wellness bar,590,12/10/2023
chia seed wellness bar,455,12/12/2023
chia seed wellness bar,754,12/14/2023
chia seed wellness bar,908,12/18/2023
chia seed wellness bar,40,12/19/2023
chia seed wellness bar,199,12/20/2023
chia seed wellness bar,435,12/24/2023
chia seed wellness bar,561,12/25/2023
chia seed wellness bar,323,12/27/2023
chia seed wellness bar,155,12/30/2023
chia seed wellness bar,6,12/31/2023
chia seed wellness bar,895,1/3/2024
chia seed wellness bar,844,1/5/2024
chia seed wellness bar,296,1/7/2024
chia seed wellness bar,68,1/7/2024
chia seed wellness bar,148,1/9/2024
chia seed wellness bar,427,1/9/2024
chia seed wellness bar,475,1/10/2024
chia seed wellness bar,23,1/11/2024
chia seed wellness bar,432,1/12/2024
chia seed wellness bar,148,1/12/2024
chia seed wellness bar,540,1/13/2024
chia seed wellness bar,430,1/14/2024
chia seed wellness bar,828,1/15/2024
chia seed wellness bar,753,1/25/2024
chia seed wellness bar,499,1/26/2024
chia seed wellness bar,195,1/26/2024
chia seed wellness bar,197,1/27/2024
chia seed wellness bar,98,1/27/2024
chia seed wellness bar,360,1/29/2024
chia seed wellness bar,281,1/30/2024
chia seed wellness bar,226,1/30/2024
chia seed wellness bar,419,1/30/2024
chia seed wellness bar,2,1/30/2024
chia seed wellness bar,191,2/6/2024
chia seed wellness bar,809,2/6/2024
chia seed wellness bar,279,2/6/2024
chia seed wellness bar,500,2/7/2024
chia seed wellness bar,111,2/8/2024
chia seed wellness bar,99,2/9/2024
chia seed wellness bar,480,2/10/2024
chia seed wellness bar,834,2/12/2024
chia seed wellness bar,421,2/12/2024
chia seed wellness bar,245,2/13/2024
chia seed wellness bar,326,2/13/2024
chia seed wellness bar,865,2/14/2024
chia seed wellness bar,867,2/15/2024
chia seed wellness bar,642,2/16/2024
chia seed wellness bar,118,2/17/2024
chia seed wellness bar,808,2/19/2024
chia seed wellness bar,390,2/21/2024
chia seed wellness bar,268,2/23/2024
chia seed wellness bar,724,2/23/2024
chia seed wellness bar,840,2/24/2024
chia seed wellness bar,189,3/2/2024
chia seed wellness bar,703,3/2/2024
chia seed wellness bar,577,3/6/2024
chia seed wellness bar,74,3/11/2024
chia seed wellness bar,761,3/11/2024
chia seed wellness bar,431,3/14/2024
chia seed wellness bar,956,3/15/2024
chia seed wellness bar,323,3/16/2024
chia seed wellness bar,497,3/17/2024
chia seed wellness bar,459,3/18/2024
chia seed wellness bar,7,3/18/2024
chia seed wellness bar,47,3/18/2024
chia seed wellness bar,810,3/20/2024
chia seed wellness bar,933,3/22/2024
chia seed wellness bar,720,3/22/2024
chia seed wellness bar,519,3/23/2024
chia seed wellness bar,802,3/23/2024
chia seed wellness bar,880,3/25/2024
chia seed wellness bar,287,3/27/2024
chia seed wellness bar,154,3/29/2024
chia seed wellness bar,839,4/2/2024
chia seed wellness bar,612,4/5/2024
chia seed wellness bar,77,4/9/2024
chia seed wellness bar,937,4/11/2024
chia seed wellness bar,953,4/11/2024
chia seed wellness bar,648,4/12/2024
chia seed wellness bar,761,4/13/2024
chia seed wellness bar,67,4/15/2024
chia seed wellness bar,645,4/16/2024
chia seed wellness bar,231,4/16/2024
chia seed wellness bar,433,4/16/2024
chia seed wellness bar,442,4/18/2024
chia seed wellness bar,54,4/19/2024
chia seed wellness bar,170,4/20/2024
chia seed wellness bar,841,4/22/2024
chia seed wellness bar,528,4/28/2024
chia seed wellness bar,721,4/30/2024
chia seed wellness bar,992,5/1/2024
chia seed wellness bar,674,5/2/2024
chia seed wellness bar,61,5/6/2024
chia seed wellness bar,751,5/8/2024
chia seed wellness bar,13,5/9/2024
chia seed wellness bar,843,5/12/2024
chia seed wellness bar,309,5/12/2024
chia seed wellness bar,107,5/13/2024
chia seed wellness bar,384,5/13/2024
chia seed wellness bar,346,5/13/2024
chia seed wellness bar,883,5/14/2024
chia seed wellness bar,730,5/14/2024
chia seed wellness bar,8,5/15/2024
chia seed wellness bar,739,5/16/2024
chia seed wellness bar,25,5/16/2024
chia seed wellness bar,58,5/19/2024
chia seed wellness bar,642,5/22/2024
chia seed wellness bar,65,6/8/2024
chia seed wellness bar,850,6/8/2024
chia seed wellness bar,756,6/14/2024
chia seed wellness bar,863,6/14/2024
chia seed wellness bar,49,6/19/2024
chia seed wellness bar,737,6/21/2024
chia seed wellness bar,926,6/22/2024
chia seed wellness bar,154,6/23/2024
chia seed wellness bar,851,6/23/2024
chia seed wellness bar,712,6/24/2024
chia seed wellness bar,860,6/24/2024
chia seed wellness bar,543,6/24/2024
chia seed wellness bar,746,6/25/2024
chia seed wellness bar,433,6/25/2024
chia seed wellness bar,94,6/26/2024
chia seed wellness bar,127,7/1/2024
chia seed wellness bar,305,7/7/2024
chia seed wellness bar,248,7/7/2024
chia seed wellness bar,147,7/10/2024
chia seed wellness bar,669,7/10/2024
chia seed wellness bar,648,7/11/2024
chia seed wellness bar,372,7/12/2024
chia seed wellness bar,420,7/13/2024
chia seed wellness bar,356,7/15/2024
chia seed wellness bar,291,7/22/2024
chia seed wellness bar,969,7/26/2024
chia seed wellness bar,762,8/2/2024
chia seed wellness bar,991,8/4/2024
chia seed wellness bar,293,8/8/2024
chia seed wellness bar,768,8/9/2024
chia seed wellness bar,796,8/11/2024
chia seed wellness bar,308,8/13/2024
chia seed wellness bar,473,8/13/2024
chia seed wellness bar,405,8/17/2024
chia seed wellness bar,664,8/17/2024
chia seed wellness bar,825,8/18/2024
chia seed wellness bar,717,8/19/2024
chia seed wellness bar,802,8/31/2024
chia seed wellness bar,132,9/1/2024
chia seed wellness bar,578,9/1/2024
chia seed wellness bar,984,9/2/2024
chia seed wellness bar,932,9/2/2024
chia seed wellness bar,38,9/5/2024
chia seed wellness bar,281,9/8/2024
chia seed wellness bar,215,9/11/2024
chia seed wellness bar,833,9/11/2024
chia seed wellness bar,606,9/12/2024
chia seed wellness bar,310,9/12/2024
chia seed wellness bar,472,9/13/2024
chia seed wellness bar,594,9/24/2024
chia seed wellness bar,910,9/25/2024
chia seed wellness bar,953,9/27/2024
chia seed wellness bar,225,9/28/2024
chia seed wellness bar,171,9/28/2024
chia seed wellness bar,220,10/2/2024
chia seed wellness bar,671,10/6/2024
chia seed wellness bar,250,10/8/2024
chia seed wellness bar,526,10/8/2024
chia seed wellness bar,99,10/10/2024
chia seed wellness bar,956,10/12/2024
chia seed wellness bar,530,10/12/2024
chia seed wellness bar,100,10/16/2024
chia seed wellness bar,950,10/19/2024
chia seed wellness bar,904,10/21/2024
chia seed wellness bar,604,10/21/2024
chia seed wellness bar,297,10/23/2024
chia seed wellness bar,619,10/24/2024
chia seed wellness bar,389,10/25/2024
chia seed wellness bar,853,10/25/2024
chia seed wellness bar,390,10/26/2024
chia seed wellness bar,736,10/28/2024
chia seed wellness bar,486,10/30/2024
chia seed wellness bar,296,10/31/2024
chia seed wellness bar,774,11/2/2024
chia seed wellness bar,645,11/4/2024
chia seed wellness bar,930,11/7/2024
chia seed wellness bar,788,11/8/2024
chia seed wellness bar,86,11/13/2024
chia seed wellness bar,443,11/14/2024
chia seed wellness bar,825,11/15/2024
chia seed wellness bar,194,11/16/2024
chia seed wellness bar,568,11/18/2024
chia seed wellness bar,957,11/22/2024
chia seed wellness bar,356,11/23/2024
chia seed wellness bar,571,11/23/2024
chia seed wellness bar,428,11/23/2024
chia seed wellness bar,953,11/26/2024
chia seed wellness bar,317,11/27/2024
chia seed wellness bar,449,11/28/2024
chia seed wellness bar,489,11/29/2024
chia seed wellness bar,370,11/29/2024
chia seed wellness bar,177,11/30/2024
chia seed wellness bar,505,12/1/2024
chia seed wellness bar,721,12/3/2024
chia seed wellness bar,632,12/5/2024
chia seed wellness bar,276,12/5/2024
chia seed wellness bar,229,12/6/2024
chia seed wellness bar,802,12/8/2024
chia seed wellness bar,320,12/10/2024
chia seed wellness bar,582,12/12/2024
chia seed wellness bar,320,12/13/2024
chia seed wellness bar,655,12/14/2024
chia seed wellness bar,276,12/16/2024
chia seed wellness bar,842,12/16/2024
chia seed wellness bar,427,12/18/2024
chia seed wellness bar,39,12/19/2024
chia seed wellness bar,466,12/20/2024
chia seed wellness bar,936,12/23/2024
chia seed wellness bar,362,12/26/2024
chia seed wellness bar,899,12/28/2024
chia seed wellness bar,440,1/5/2025
chia seed wellness bar,465,1/6/2025
chia seed wellness bar,122,1/7/2025
chia seed wellness bar,161,1/9/2025
chia seed wellness bar,772,1/9/2025
chia seed wellness bar,833,1/12/2025
chia seed wellness bar,143,1/12/2025
chia seed wellness bar,476,1/15/2025
chia seed wellness bar,649,1/18/2025
chia seed wellness bar,249,1/19/2025
chia seed wellness bar,61,1/20/2025
chia seed wellness bar,818,1/23/2025
chia seed wellness bar,187,1/24/2025
chia seed wellness bar,800,1/24/2025
chia seed wellness bar,354,1/26/2025
chia seed wellness bar,514,1/31/2025
chia seed wellness bar,208,2/2/2025
chia seed wellness bar,113,2/4/2025
chia seed wellness bar,998,2/4/2025
chia seed wellness bar,944,2/4/2025
chia seed wellness bar,416,2/5/2025
chia seed wellness bar,672,2/7/2025
chia seed wellness bar,888,2/8/2025
chia seed wellness bar,141,2/11/2025
chia seed wellness bar,64,2/12/2025
chia seed wellness bar,109,2/13/2025
chia seed wellness bar,290,2/14/2025
chia seed wellness bar,657,2/14/2025
chia seed wellness bar,613,2/15/2025
chia seed wellness bar,655,2/18/2025
chia seed wellness bar,610,2/21/2025
chia seed wellness bar,31,2/26/2025
chia seed wellness bar,943,2/27/2025
chia seed wellness bar,284,3/2/2025
chia seed wellness bar,643,3/7/2025
chia seed wellness bar,774,3/8/2025
chia seed wellness bar,994,3/8/2025
chia seed wellness bar,275,3/9/2025
chia seed wellness bar,873,3/10/2025
chia seed wellness bar,254,3/10/2025
chia seed wellness bar,328,3/11/2025
chia seed wellness bar,605,3/11/2025
chia seed wellness bar,462,3/11/2025
chia seed wellness bar,787,3/14/2025
chia seed wellness bar,591,3/14/2025
chia seed wellness bar,34,3/17/2025
chia seed wellness bar,702,3/20/2025
chia seed wellness bar,758,3/20/2025
chia seed wellness bar,473,3/20/2025
chia seed wellness bar,541,3/22/2025
chia seed wellness bar,797,3/22/2025
chia seed wellness bar,397,3/22/2025
chia seed wellness bar,779,3/25/2025
chia seed wellness bar,487,3/31/2025
chia seed wellness bar,94,4/1/2025
chia seed wellness bar,750,4/2/2025
chia seed wellness bar,33,4/3/2025
chia seed wellness bar,562,4/4/2025
chia seed wellness bar,735,4/8/2025
chia seed wellness bar,254,4/10/2025
chia seed wellness bar,448,4/11/2025
chia seed wellness bar,344,4/15/2025
chia seed wellness bar,946,4/17/2025
chia seed wellness bar,630,4/18/2025
chia seed wellness bar,386,4/19/2025
chia seed wellness bar,921,4/19/2025
chia seed wellness bar,123,4/19/2025
chia seed wellness bar,230,4/21/2025
chia seed wellness bar,458,4/22/2025
chia seed wellness bar,378,4/24/2025
chia seed wellness bar,430,4/26/2025
chia seed wellness bar,375,4/26/2025
chia seed wellness bar,680,4/30/2025
chia seed wellness bar,214,5/2/2025
chia seed wellness bar,941,5/3/2025
chia seed wellness bar,775,5/4/2025
chia seed wellness bar,642,5/6/2025
chia seed wellness bar,614,5/7/2025
chia seed wellness bar,665,5/7/2025
chia seed wellness bar,293,5/8/2025
chia seed wellness bar,448,5/13/2025
chia seed wellness bar,131,5/15/2025
chia seed wellness bar,553,5/16/2025
chia seed wellness bar,566,5/19/2025
chia seed wellness bar,421,5/21/2025
chia seed wellness bar,707,5/22/2025
chia seed wellness bar,884,5/25/2025
chia seed wellness bar,1000,5/28/2025
chia seed wellness bar,611,5/28/2025
chia seed wellness bar,669,5/29/2025
chia seed wellness bar,812,5/29/2025
chia seed wellness bar,715,5/29/2025
chia seed wellness bar,808,5/31/2025
chia seed wellness bar,429,6/1/2025
chia seed wellness bar,104,6/2/2025
chia seed wellness bar,713,6/4/2025
chia seed wellness bar,211,6/8/2025
chia seed wellness bar,326,6/9/2025
chia seed wellness bar,54,6/10/2025
chia seed wellness bar,621,6/12/2025
chia seed wellness bar,720,6/12/2025
chia seed wellness bar,47,6/14/2025
chia seed wellness bar,282,6/23/2025
chia seed wellness bar,942,6/25/2025
chia seed wellness bar,422,6/27/2025
chia seed wellness bar,335,6/29/2025
chia seed wellness bar,595,7/1/2025
chia seed wellness bar,243,7/2/2025
chia seed wellness bar,995,7/6/2025
chia seed wellness bar,363,7/7/2025
chia seed wellness bar,299,7/8/2025
chia seed wellness bar,253,7/8/2025
chia seed wellness bar,96,7/12/2025
chia seed wellness bar,440,7/16/2025
chia seed wellness bar,56,7/19/2025
chia seed wellness bar,41,7/23/2025
chia seed wellness bar,910,7/25/2025
chia seed wellness bar,741,7/25/2025
chia seed wellness bar,398,8/6/2025
chia seed wellness bar,216,8/9/2025
chia seed wellness bar,641,8/9/2025
chia seed wellness bar,164,8/11/2025
chia seed wellness bar,976,8/12/2025
chia seed wellness bar,416,8/12/2025
chia seed wellness bar,63,8/17/2025
chia seed wellness bar,169,8/20/2025
chia seed wellness bar,826,8/20/2025
chia seed wellness bar,553,8/28/2025
chia seed wellness bar,21,8/29/2025
chia seed wellness bar,277,8/31/2025
chia seed wellness bar,369,8/31/2025
chia seed wellness bar,87,9/3/2025
chia seed wellness bar,298,9/7/2025
chia seed wellness bar,341,9/8/2025
chia seed wellness bar,761,9/9/2025
chia seed wellness bar,507,9/10/2025
chia seed wellness bar,946,9/15/2025
chia seed wellness bar,562,9/18/2025
chia seed wellness bar,823,9/20/2025
chia seed wellness bar,140,9/22/2025
chia seed wellness bar,243,9/23/2025
chia seed wellness bar,113,9/25/2025
chia seed wellness bar,819,9/25/2025
chia seed wellness bar,875,9/27/2025
chia seed wellness bar,261,10/1/2025
chia seed wellness bar,913,10/2/2025
chia seed wellness bar,378,10/3/2025
chia seed wellness bar,180,10/5/2025
chia seed wellness bar,707,10/5/2025
chia seed wellness bar,169,10/6/2025
chia seed wellness bar,52,10/14/2025
chia seed wellness bar,757,10/21/2025
chia seed wellness bar,475,10/21/2025
chia seed wellness bar,427,10/27/2025
chia seed wellness bar,933,10/30/2025
chia seed wellness bar,749,10/31/2025
chia seed wellness bar,602,11/1/2025
chia seed wellness bar,398,11/3/2025
chia seed wellness bar,915,11/4/2025
chia seed wellness bar,618,11/4/2025
chia seed wellness bar,332,11/5/2025
chia seed wellness bar,358,11/10/2025
chia seed wellness bar,47,11/11/2025
chia seed wellness bar,150,11/14/2025
chia seed wellness bar,807,11/14/2025
chia seed wellness bar,589,11/15/2025
chia seed wellness bar,137,11/15/2025
chia seed wellness bar,745,11/17/2025
chia seed wellness bar,823,11/18/2025
chia seed wellness bar,421,11/21/2025
chia seed wellness bar,458,11/25/2025
chia seed wellness bar,509,11/28/2025
chia seed wellness bar,374,11/28/2025
chia seed wellness bar,144,11/28/2025
chia seed wellness bar,711,11/28/2025
chia seed wellness bar,313,12/1/2025
chia seed wellness bar,494,12/3/2025
chia seed wellness bar,548,12/5/2025
chia seed wellness bar,788,12/9/2025
chia seed wellness bar,746,12/17/2025
chia seed wellness bar,23,12/17/2025
chia seed wellness bar,252,12/19/2025
chia seed wellness bar,466,12/20/2025
chia seed wellness bar,649,12/21/2025
chia seed wellness bar,615,12/24/2025
chia seed wellness bar,690,12/25/2025
chia seed wellness bar,143,12/26/2025
chia seed wellness bar,738,12/28/2025
chia seed wellness bar,820,12/29/2025
chia seed wellness bar,622,12/31/2025
chia seed wellness bar,947,12/31/2025
chia seed wellness bar,604,1/5/2026
chia seed wellness bar,269,1/5/2026
chia seed wellness bar,824,1/6/2026
chia seed wellness bar,567,1/7/2026
chia seed wellness bar,183,1/7/2026
chia seed wellness bar,701,1/9/2026
chia seed wellness bar,405,1/11/2026
chia seed wellness bar,494,1/13/2026
chia seed wellness bar,704,1/13/2026
chia seed wellness bar,478,1/19/2026
chia seed wellness bar,652,1/22/2026
chia seed wellness bar,803,1/27/2026
chia seed wellness bar,410,2/1/2026
chia seed wellness bar,782,2/4/2026
chia seed wellness bar,294,2/9/2026
chia seed wellness bar,569,2/11/2026
chia seed wellness bar,874,2/11/2026
chia seed wellness bar,780,2/12/2026
chia seed wellness bar,517,2/13/2026
chia seed wellness bar,125,2/21/2026
chia seed wellness bar,744,2/21/2026
chia seed wellness bar,482,2/22/2026
chia seed wellness bar,300,2/24/2026
chia seed wellness bar,371,2/24/2026
chia seed wellness bar,890,2/28/2026
chia seed wellness bar,215,3/2/2026
chia seed wellness bar,198,3/6/2026
chia seed wellness bar,446,3/8/2026
chia seed wellness bar,760,3/9/2026
chia seed wellness bar,493,3/9/2026
chia seed wellness bar,174,3/10/2026
chia seed wellness bar,343,3/13/2026
chia seed wellness bar,449,3/14/2026
chia seed wellness bar,108,3/15/2026
chia seed wellness bar,442,3/15/2026
chia seed wellness bar,657,3/16/2026
chia seed wellness bar,729,3/17/2026
chia seed wellness bar,61,3/20/2026
almond date energy bites,902,3/5/2021
almond date energy bites,361,3/8/2021
almond date energy bites,110,3/9/2021
almond date energy bites,162,3/12/2021
almond date energy bites,729,3/13/2021
almond date energy bites,710,3/14/2021
almond date energy bites,509,3/17/2021
almond date energy bites,166,3/22/2021
almond date energy bites,643,3/24/2021
almond date energy bites,525,3/24/2021
almond date energy bites,590,3/24/2021
almond date energy bites,326,3/26/2021
almond date energy bites,125,3/27/2021
almond date energy bites,248,3/27/2021
almond date energy bites,886,3/30/2021
almond date energy bites,461,4/3/2021
almond date energy bites,532,4/6/2021
almond date energy bites,49,4/6/2021
almond date energy bites,519,4/9/2021
almond date energy bites,50,4/9/2021
almond date energy bites,291,4/12/2021
almond date energy bites,507,4/13/2021
almond date energy bites,26,4/15/2021
almond date energy bites,648,4/16/2021
almond date energy bites,898,4/16/2021
almond date energy bites,212,4/17/2021
almond date energy bites,615,4/18/2021
almond date energy bites,137,4/18/2021
almond date energy bites,244,4/18/2021
almond date energy bites,428,4/19/2021
almond date energy bites,858,4/20/2021
almond date energy bites,65,4/21/2021
almond date energy bites,297,4/24/2021
almond date energy bites,390,4/24/2021
almond date energy bites,111,4/26/2021
almond date energy bites,38,4/26/2021
almond date energy bites,329,5/1/2021
almond date energy bites,414,5/1/2021
almond date energy bites,499,5/1/2021
almond date energy bites,823,5/2/2021
almond date energy bites,176,5/2/2021
almond date energy bites,281,5/3/2021
almond date energy bites,934,5/6/2021
almond date energy bites,975,5/9/2021
almond date energy bites,973,5/11/2021
almond date energy bites,623,5/15/2021
almond date energy bites,119,5/15/2021
almond date energy bites,287,5/15/2021
almond date energy bites,763,5/17/2021
almond date energy bites,856,5/18/2021
almond date energy bites,254,5/20/2021
almond date energy bites,60,5/21/2021
almond date energy bites,830,5/22/2021
almond date energy bites,600,5/26/2021
almond date energy bites,745,5/27/2021
almond date energy bites,982,5/27/2021
almond date energy bites,586,5/29/2021
almond date energy bites,266,5/29/2021
almond date energy bites,181,6/4/2021
almond date energy bites,509,6/5/2021
almond date energy bites,119,6/5/2021
almond date energy bites,620,6/6/2021
almond date energy bites,679,6/9/2021
almond date energy bites,385,6/9/2021
almond date energy bites,761,6/12/2021
almond date energy bites,646,6/17/2021
almond date energy bites,277,6/20/2021
almond date energy bites,945,6/26/2021
almond date energy bites,791,6/26/2021
almond date energy bites,267,7/4/2021
almond date energy bites,791,7/9/2021
almond date energy bites,26,7/11/2021
almond date energy bites,580,7/14/2021
almond date energy bites,259,7/21/2021
almond date energy bites,690,7/24/2021
almond date energy bites,454,7/24/2021
almond date energy bites,334,7/24/2021
almond date energy bites,976,7/28/2021
almond date energy bites,313,7/31/2021
almond date energy bites,663,7/31/2021
almond date energy bites,957,8/1/2021
almond date energy bites,846,8/4/2021
almond date energy bites,356,8/5/2021
almond date energy bites,466,8/8/2021
almond date energy bites,842,8/9/2021
almond date energy bites,156,8/12/2021
almond date energy bites,447,8/16/2021
almond date energy bites,34,8/17/2021
almond date energy bites,257,8/17/2021
almond date energy bites,90,8/18/2021
almond date energy bites,230,8/21/2021
almond date energy bites,552,8/23/2021
almond date energy bites,587,8/23/2021
almond date energy bites,861,8/24/2021
almond date energy bites,880,8/25/2021
almond date energy bites,108,8/27/2021
almond date energy bites,173,8/27/2021
almond date energy bites,308,8/29/2021
almond date energy bites,903,8/30/2021
almond date energy bites,898,8/31/2021
almond date energy bites,811,9/1/2021
almond date energy bites,674,9/3/2021
almond date energy bites,194,9/5/2021
almond date energy bites,459,9/6/2021
almond date energy bites,337,9/6/2021
almond date energy bites,442,9/7/2021
almond date energy bites,907,9/8/2021
almond date energy bites,29,9/9/2021
almond date energy bites,338,9/13/2021
almond date energy bites,500,9/14/2021
almond date energy bites,286,9/14/2021
almond date energy bites,544,9/16/2021
almond date energy bites,161,9/17/2021
almond date energy bites,534,9/17/2021
almond date energy bites,449,9/19/2021
almond date energy bites,327,9/19/2021
almond date energy bites,213,9/20/2021
almond date energy bites,475,9/21/2021
almond date energy bites,685,9/23/2021
almond date energy bites,525,9/26/2021
almond date energy bites,996,9/27/2021
almond date energy bites,743,9/28/2021
almond date energy bites,441,10/2/2021
almond date energy bites,381,10/4/2021
almond date energy bites,76,10/4/2021
almond date energy bites,589,10/7/2021
almond date energy bites,24,10/9/2021
almond date energy bites,651,10/9/2021
almond date energy bites,472,10/12/2021
almond date energy bites,510,10/19/2021
almond date energy bites,51,10/19/2021
almond date energy bites,27,10/19/2021
almond date energy bites,971,10/20/2021
almond date energy bites,447,10/21/2021
almond date energy bites,794,10/23/2021
almond date energy bites,101,10/24/2021
almond date energy bites,517,10/26/2021
almond date energy bites,391,10/29/2021
almond date energy bites,324,11/2/2021
almond date energy bites,991,11/4/2021
almond date energy bites,752,11/5/2021
almond date energy bites,293,11/5/2021
almond date energy bites,831,11/7/2021
almond date energy bites,336,11/7/2021
almond date energy bites,190,11/9/2021
almond date energy bites,437,11/12/2021
almond date energy bites,279,11/14/2021
almond date energy bites,432,11/17/2021
almond date energy bites,297,11/17/2021
almond date energy bites,192,11/20/2021
almond date energy bites,451,11/20/2021
almond date energy bites,835,11/20/2021
almond date energy bites,652,11/20/2021
almond date energy bites,11,11/21/2021
almond date energy bites,94,11/24/2021
almond date energy bites,345,11/26/2021
almond date energy bites,193,11/29/2021
almond date energy bites,566,12/1/2021
almond date energy bites,592,12/2/2021
almond date energy bites,944,12/3/2021
almond date energy bites,167,12/3/2021
almond date energy bites,786,12/5/2021
almond date energy bites,22,12/5/2021
almond date energy bites,148,12/7/2021
almond date energy bites,658,12/8/2021
almond date energy bites,218,12/11/2021
almond date energy bites,420,12/11/2021
almond date energy bites,899,12/14/2021
almond date energy bites,586,12/17/2021
almond date energy bites,149,12/18/2021
almond date energy bites,479,12/19/2021
almond date energy bites,860,12/21/2021
almond date energy bites,922,12/22/2021
almond date energy bites,136,12/22/2021
almond date energy bites,635,12/23/2021
almond date energy bites,836,12/24/2021
almond date energy bites,691,12/28/2021
almond date energy bites,556,1/6/2022
almond date energy bites,621,1/9/2022
almond date energy bites,247,1/9/2022
almond date energy bites,49,1/10/2022
almond date energy bites,895,1/10/2022
almond date energy bites,926,1/13/2022
almond date energy bites,247,1/15/2022
almond date energy bites,971,1/19/2022
almond date energy bites,954,1/20/2022
almond date energy bites,455,1/23/2022
almond date energy bites,573,1/26/2022
almond date energy bites,308,1/30/2022
almond date energy bites,682,2/5/2022
almond date energy bites,142,2/7/2022
almond date energy bites,134,2/10/2022
almond date energy bites,670,2/13/2022
almond date energy bites,516,2/19/2022
almond date energy bites,677,2/20/2022
almond date energy bites,130,2/24/2022
almond date energy bites,376,2/27/2022
almond date energy bites,553,3/1/2022
almond date energy bites,727,3/1/2022
almond date energy bites,101,3/3/2022
almond date energy bites,613,3/5/2022
almond date energy bites,22,3/6/2022
almond date energy bites,342,3/6/2022
almond date energy bites,482,3/8/2022
almond date energy bites,372,3/9/2022
almond date energy bites,336,3/10/2022
almond date energy bites,804,3/13/2022
almond date energy bites,990,3/16/2022
almond date energy bites,304,3/18/2022
almond date energy bites,865,3/18/2022
almond date energy bites,774,3/21/2022
almond date energy bites,171,3/27/2022
almond date energy bites,613,3/28/2022
almond date energy bites,55,3/29/2022
almond date energy bites,270,3/31/2022
almond date energy bites,350,4/1/2022
almond date energy bites,569,4/3/2022
almond date energy bites,228,4/5/2022
almond date energy bites,635,4/7/2022
almond date energy bites,991,4/7/2022
almond date energy bites,687,4/9/2022
almond date energy bites,519,4/11/2022
almond date energy bites,306,4/11/2022
almond date energy bites,52,4/14/2022
almond date energy bites,926,4/14/2022
almond date energy bites,436,4/17/2022
almond date energy bites,634,4/18/2022
almond date energy bites,42,4/18/2022
almond date energy bites,77,4/20/2022
almond date energy bites,232,4/22/2022
almond date energy bites,172,4/23/2022
almond date energy bites,827,4/24/2022
almond date energy bites,87,4/27/2022
almond date energy bites,424,4/28/2022
almond date energy bites,32,5/2/2022
almond date energy bites,275,5/2/2022
almond date energy bites,388,5/3/2022
almond date energy bites,608,5/8/2022
almond date energy bites,461,5/10/2022
almond date energy bites,453,5/11/2022
almond date energy bites,753,5/12/2022
almond date energy bites,690,5/13/2022
almond date energy bites,813,5/17/2022
almond date energy bites,672,5/17/2022
almond date energy bites,196,5/21/2022
almond date energy bites,652,5/22/2022
almond date energy bites,129,5/23/2022
almond date energy bites,472,5/25/2022
almond date energy bites,187,5/28/2022
almond date energy bites,829,5/30/2022
almond date energy bites,121,6/1/2022
almond date energy bites,784,6/2/2022
almond date energy bites,938,6/4/2022
almond date energy bites,5,6/4/2022
almond date energy bites,89,6/8/2022
almond date energy bites,988,6/8/2022
almond date energy bites,460,6/11/2022
almond date energy bites,713,6/12/2022
almond date energy bites,515,6/14/2022
almond date energy bites,368,6/20/2022
almond date energy bites,14,6/20/2022
almond date energy bites,437,6/20/2022
almond date energy bites,290,6/22/2022
almond date energy bites,866,6/22/2022
almond date energy bites,235,6/22/2022
almond date energy bites,852,6/26/2022
almond date energy bites,913,6/27/2022
almond date energy bites,186,6/28/2022
almond date energy bites,25,7/3/2022
almond date energy bites,76,7/4/2022
almond date energy bites,743,7/7/2022
almond date energy bites,923,7/7/2022
almond date energy bites,485,7/9/2022
almond date energy bites,67,7/13/2022
almond date energy bites,211,7/15/2022
almond date energy bites,268,7/16/2022
almond date energy bites,608,7/18/2022
almond date energy bites,138,7/19/2022
almond date energy bites,39,7/20/2022
almond date energy bites,616,7/26/2022
almond date energy bites,76,7/27/2022
almond date energy bites,678,7/29/2022
almond date energy bites,118,7/29/2022
almond date energy bites,349,7/30/2022
almond date energy bites,381,8/4/2022
almond date energy bites,230,8/5/2022
almond date energy bites,304,8/5/2022
almond date energy bites,110,8/6/2022
almond date energy bites,814,8/8/2022
almond date energy bites,528,8/17/2022
almond date energy bites,652,8/18/2022
almond date energy bites,635,8/18/2022
almond date energy bites,84,8/19/2022
almond date energy bites,912,8/22/2022
almond date energy bites,620,8/24/2022
almond date energy bites,761,8/25/2022
almond date energy bites,107,8/26/2022
almond date energy bites,102,8/27/2022
almond date energy bites,222,8/30/2022
almond date energy bites,736,9/3/2022
almond date energy bites,853,9/4/2022
almond date energy bites,756,9/7/2022
almond date energy bites,570,9/7/2022
almond date energy bites,205,9/12/2022
almond date energy bites,716,9/13/2022
almond date energy bites,444,9/15/2022
almond date energy bites,119,9/15/2022
almond date energy bites,551,9/16/2022
almond date energy bites,653,9/18/2022
almond date energy bites,345,9/20/2022
almond date energy bites,802,9/23/2022
almond date energy bites,72,9/27/2022
almond date energy bites,438,9/29/2022
almond date energy bites,529,10/1/2022
almond date energy bites,105,10/1/2022
almond date energy bites,420,10/2/2022
almond date energy bites,782,10/3/2022
almond date energy bites,316,10/3/2022
almond date energy bites,818,10/4/2022
almond date energy bites,574,10/8/2022
almond date energy bites,871,10/9/2022
almond date energy bites,521,10/10/2022
almond date energy bites,439,10/11/2022
almond date energy bites,276,10/12/2022
almond date energy bites,815,10/20/2022
almond date energy bites,898,10/23/2022
almond date energy bites,111,10/24/2022
almond date energy bites,434,10/25/2022
almond date energy bites,267,10/25/2022
almond date energy bites,444,10/26/2022
almond date energy bites,848,11/2/2022
almond date energy bites,326,11/2/2022
almond date energy bites,788,11/3/2022
almond date energy bites,553,11/4/2022
almond date energy bites,67,11/12/2022
almond date energy bites,827,11/14/2022
almond date energy bites,411,11/18/2022
almond date energy bites,952,11/19/2022
almond date energy bites,28,11/20/2022
almond date energy bites,626,11/22/2022
almond date energy bites,845,11/23/2022
almond date energy bites,998,11/24/2022
almond date energy bites,108,11/25/2022
almond date energy bites,415,11/30/2022
almond date energy bites,691,12/6/2022
almond date energy bites,287,12/7/2022
almond date energy bites,318,12/11/2022
almond date energy bites,711,12/12/2022
almond date energy bites,821,12/13/2022
almond date energy bites,163,12/14/2022
almond date energy bites,998,12/14/2022
almond date energy bites,900,12/15/2022
almond date energy bites,115,12/15/2022
almond date energy bites,912,12/18/2022
almond date energy bites,429,12/23/2022
almond date energy bites,668,12/23/2022
almond date energy bites,317,12/25/2022
almond date energy bites,947,12/29/2022
almond date energy bites,181,12/30/2022
almond date energy bites,687,12/30/2022
almond date energy bites,294,12/30/2022
almond date energy bites,53,1/6/2023
almond date energy bites,306,1/6/2023
almond date energy bites,730,1/10/2023
almond date energy bites,810,1/12/2023
almond date energy bites,676,1/13/2023
almond date energy bites,74,1/14/2023
almond date energy bites,955,1/15/2023
almond date energy bites,896,1/18/2023
almond date energy bites,23,1/22/2023
almond date energy bites,672,1/22/2023
almond date energy bites,696,1/22/2023
almond date energy bites,173,1/25/2023
almond date energy bites,933,1/26/2023
almond date energy bites,806,1/26/2023
almond date energy bites,365,1/28/2023
almond date energy bites,321,1/30/2023
almond date energy bites,984,1/30/2023
almond date energy bites,332,1/31/2023
almond date energy bites,775,2/2/2023
almond date energy bites,934,2/3/2023
almond date energy bites,455,2/5/2023
almond date energy bites,377,2/8/2023
almond date energy bites,555,2/10/2023
almond date energy bites,920,2/10/2023
almond date energy bites,874,2/10/2023
almond date energy bites,725,2/12/2023
almond date energy bites,114,2/12/2023
almond date energy bites,611,2/14/2023
almond date energy bites,692,2/15/2023
almond date energy bites,373,2/15/2023
almond date energy bites,882,2/15/2023
almond date energy bites,444,2/19/2023
almond date energy bites,973,2/23/2023
almond date energy bites,707,2/25/2023
almond date energy bites,907,2/26/2023
almond date energy bites,218,3/2/2023
almond date energy bites,423,3/3/2023
almond date energy bites,867,3/3/2023
almond date energy bites,77,3/4/2023
almond date energy bites,894,3/13/2023
almond date energy bites,457,3/13/2023
almond date energy bites,79,3/14/2023
almond date energy bites,825,3/16/2023
almond date energy bites,477,3/18/2023
almond date energy bites,707,3/19/2023
almond date energy bites,395,3/23/2023
almond date energy bites,721,3/24/2023
almond date energy bites,73,3/25/2023
almond date energy bites,108,3/26/2023
almond date energy bites,447,3/26/2023
almond date energy bites,34,3/29/2023
almond date energy bites,860,3/29/2023
almond date energy bites,611,4/4/2023
almond date energy bites,861,4/4/2023
almond date energy bites,265,4/4/2023
almond date energy bites,303,4/7/2023
almond date energy bites,72,4/11/2023
almond date energy bites,876,4/11/2023
almond date energy bites,274,4/13/2023
almond date energy bites,840,4/14/2023
almond date energy bites,121,4/15/2023
almond date energy bites,434,4/15/2023
almond date energy bites,673,4/16/2023
almond date energy bites,868,4/22/2023
almond date energy bites,266,4/23/2023
almond date energy bites,326,4/25/2023
almond date energy bites,23,4/26/2023
almond date energy bites,477,4/28/2023
almond date energy bites,368,4/29/2023
almond date energy bites,136,4/30/2023
almond date energy bites,790,5/2/2023
almond date energy bites,151,5/2/2023
almond date energy bites,355,5/10/2023
almond date energy bites,157,5/12/2023
almond date energy bites,389,5/13/2023
almond date energy bites,192,5/16/2023
almond date energy bites,396,5/17/2023
almond date energy bites,90,5/23/2023
almond date energy bites,798,5/25/2023
almond date energy bites,244,5/26/2023
almond date energy bites,991,6/6/2023
almond date energy bites,670,6/10/2023
almond date energy bites,166,6/11/2023
almond date energy bites,943,6/12/2023
almond date energy bites,916,6/17/2023
almond date energy bites,544,6/17/2023
almond date energy bites,24,6/17/2023
almond date energy bites,844,6/18/2023
almond date energy bites,130,6/20/2023
almond date energy bites,419,6/22/2023
almond date energy bites,994,6/28/2023
almond date energy bites,154,7/3/2023
almond date energy bites,340,7/4/2023
almond date energy bites,665,7/7/2023
almond date energy bites,19,7/8/2023
almond date energy bites,59,7/8/2023
almond date energy bites,792,7/8/2023
almond date energy bites,411,7/9/2023
almond date energy bites,389,7/9/2023
almond date energy bites,196,7/9/2023
almond date energy bites,323,7/11/2023
almond date energy bites,936,7/12/2023
almond date energy bites,98,7/14/2023
almond date energy bites,936,7/16/2023
almond date energy bites,782,7/16/2023
almond date energy bites,684,7/18/2023
almond date energy bites,645,7/26/2023
almond date energy bites,263,7/28/2023
almond date energy bites,25,7/31/2023
almond date energy bites,113,8/3/2023
almond date energy bites,775,8/3/2023
almond date energy bites,417,8/5/2023
almond date energy bites,206,8/5/2023
almond date energy bites,179,8/10/2023
almond date energy bites,186,8/10/2023
almond date energy bites,705,8/12/2023
almond date energy bites,839,8/14/2023
almond date energy bites,593,8/19/2023
almond date energy bites,137,8/21/2023
almond date energy bites,746,8/22/2023
almond date energy bites,484,8/24/2023
almond date energy bites,323,8/26/2023
almond date energy bites,930,8/27/2023
almond date energy bites,634,9/4/2023
almond date energy bites,746,9/6/2023
almond date energy bites,247,9/7/2023
almond date energy bites,377,9/7/2023
almond date energy bites,184,9/9/2023
almond date energy bites,508,9/9/2023
almond date energy bites,702,9/9/2023
almond date energy bites,481,9/11/2023
almond date energy bites,245,9/16/2023
almond date energy bites,682,9/16/2023
almond date energy bites,297,9/16/2023
almond date energy bites,678,9/17/2023
almond date energy bites,823,9/22/2023
almond date energy bites,712,9/26/2023
almond date energy bites,870,9/30/2023
almond date energy bites,89,9/30/2023
almond date energy bites,540,10/3/2023
almond date energy bites,410,10/6/2023
almond date energy bites,422,10/6/2023
almond date energy bites,101,10/8/2023
almond date energy bites,326,10/9/2023
almond date energy bites,537,10/9/2023
almond date energy bites,879,10/10/2023
almond date energy bites,849,10/12/2023
almond date energy bites,479,10/15/2023
almond date energy bites,544,10/16/2023
almond date energy bites,859,10/16/2023
almond date energy bites,292,10/18/2023
almond date energy bites,507,10/22/2023
almond date energy bites,519,10/23/2023
almond date energy bites,560,10/24/2023
almond date energy bites,488,10/27/2023
almond date energy bites,560,10/31/2023
almond date energy bites,932,11/1/2023
almond date energy bites,709,11/5/2023
almond date energy bites,647,11/7/2023
almond date energy bites,573,11/7/2023
almond date energy bites,557,11/8/2023
almond date energy bites,635,11/8/2023
almond date energy bites,557,11/12/2023
almond date energy bites,855,11/14/2023
almond date energy bites,776,11/15/2023
almond date energy bites,6,11/17/2023
almond date energy bites,704,11/18/2023
almond date energy bites,121,11/20/2023
almond date energy bites,790,11/21/2023
almond date energy bites,258,11/22/2023
almond date energy bites,29,11/25/2023
almond date energy bites,863,11/27/2023
almond date energy bites,989,12/2/2023
almond date energy bites,611,12/3/2023
almond date energy bites,928,12/4/2023
almond date energy bites,196,12/4/2023
almond date energy bites,622,12/7/2023
almond date energy bites,537,12/9/2023
almond date energy bites,614,12/13/2023
almond date energy bites,697,12/13/2023
almond date energy bites,701,12/14/2023
almond date energy bites,858,12/14/2023
almond date energy bites,339,12/16/2023
almond date energy bites,61,12/19/2023
almond date energy bites,617,12/23/2023
almond date energy bites,216,12/26/2023
almond date energy bites,423,12/28/2023
almond date energy bites,306,1/1/2024
almond date energy bites,683,1/2/2024
almond date energy bites,161,1/4/2024
almond date energy bites,836,1/7/2024
almond date energy bites,153,1/7/2024
almond date energy bites,969,1/8/2024
almond date energy bites,116,1/9/2024
almond date energy bites,268,1/12/2024
almond date energy bites,665,1/16/2024
almond date energy bites,190,1/16/2024
almond date energy bites,518,1/16/2024
almond date energy bites,136,1/18/2024
almond date energy bites,299,1/21/2024
almond date energy bites,190,1/21/2024
almond date energy bites,191,1/22/2024
almond date energy bites,450,1/23/2024
almond date energy bites,15,1/26/2024
almond date energy bites,55,1/26/2024
almond date energy bites,778,1/31/2024
almond date energy bites,919,1/31/2024
almond date energy bites,785,2/2/2024
almond date energy bites,412,2/5/2024
almond date energy bites,696,2/5/2024
almond date energy bites,302,2/7/2024
almond date energy bites,713,2/9/2024
almond date energy bites,19,2/10/2024
almond date energy bites,745,2/10/2024
almond date energy bites,430,2/10/2024
almond date energy bites,191,2/10/2024
almond date energy bites,674,2/17/2024
almond date energy bites,24,2/17/2024
almond date energy bites,758,2/17/2024
almond date energy bites,373,2/17/2024
almond date energy bites,764,2/21/2024
almond date energy bites,186,2/21/2024
almond date energy bites,990,2/22/2024
almond date energy bites,338,2/24/2024
almond date energy bites,320,2/25/2024
almond date energy bites,893,2/28/2024
almond date energy bites,83,3/2/2024
almond date energy bites,432,3/3/2024
almond date energy bites,220,3/4/2024
almond date energy bites,791,3/5/2024
almond date energy bites,218,3/7/2024
almond date energy bites,952,3/7/2024
almond date energy bites,436,3/10/2024
almond date energy bites,401,3/10/2024
almond date energy bites,545,3/11/2024
almond date energy bites,996,3/12/2024
almond date energy bites,764,3/13/2024
almond date energy bites,971,3/13/2024
almond date energy bites,101,3/14/2024
almond date energy bites,13,3/14/2024
almond date energy bites,210,3/15/2024
almond date energy bites,736,3/17/2024
almond date energy bites,414,3/18/2024
almond date energy bites,40,3/21/2024
almond date energy bites,783,3/22/2024
almond date energy bites,745,3/27/2024
almond date energy bites,175,3/27/2024
almond date energy bites,936,3/27/2024
almond date energy bites,361,3/31/2024
almond date energy bites,951,4/1/2024
almond date energy bites,880,4/1/2024
almond date energy bites,759,4/2/2024
almond date energy bites,797,4/2/2024
almond date energy bites,926,4/3/2024
almond date energy bites,185,4/4/2024
almond date energy bites,407,4/5/2024
almond date energy bites,760,4/5/2024
almond date energy bites,221,4/7/2024
almond date energy bites,268,4/15/2024
almond date energy bites,838,4/15/2024
almond date energy bites,29,4/20/2024
almond date energy bites,71,4/23/2024
almond date energy bites,186,4/26/2024
almond date energy bites,994,4/27/2024
almond date energy bites,360,4/27/2024
almond date energy bites,993,4/28/2024
almond date energy bites,626,4/29/2024
almond date energy bites,396,4/30/2024
almond date energy bites,39,5/1/2024
almond date energy bites,57,5/1/2024
almond date energy bites,681,5/1/2024
almond date energy bites,180,5/2/2024
almond date energy bites,627,5/4/2024
almond date energy bites,838,5/6/2024
almond date energy bites,830,5/7/2024
almond date energy bites,821,5/8/2024
almond date energy bites,373,5/11/2024
almond date energy bites,83,5/15/2024
almond date energy bites,443,5/16/2024
almond date energy bites,754,5/17/2024
almond date energy bites,588,5/18/2024
almond date energy bites,216,5/20/2024
almond date energy bites,21,5/25/2024
almond date energy bites,378,5/25/2024
almond date energy bites,12,6/6/2024
almond date energy bites,43,6/6/2024
almond date energy bites,497,6/13/2024
almond date energy bites,144,6/20/2024
almond date energy bites,197,6/22/2024
almond date energy bites,62,6/24/2024
almond date energy bites,237,6/25/2024
almond date energy bites,93,6/26/2024
almond date energy bites,391,6/27/2024
almond date energy bites,120,6/30/2024
almond date energy bites,961,7/3/2024
almond date energy bites,487,7/5/2024
almond date energy bites,64,7/7/2024
almond date energy bites,839,7/12/2024
almond date energy bites,445,7/13/2024
almond date energy bites,155,7/15/2024
almond date energy bites,896,7/19/2024
almond date energy bites,333,7/21/2024
almond date energy bites,567,7/22/2024
almond date energy bites,436,7/24/2024
almond date energy bites,53,7/25/2024
almond date energy bites,139,7/26/2024
almond date energy bites,381,7/28/2024
almond date energy bites,267,8/2/2024
almond date energy bites,622,8/3/2024
almond date energy bites,812,8/4/2024
almond date energy bites,50,8/6/2024
almond date energy bites,800,8/7/2024
almond date energy bites,128,8/10/2024
almond date energy bites,119,8/12/2024
almond date energy bites,404,8/13/2024
almond date energy bites,936,8/15/2024
almond date energy bites,878,8/18/2024
almond date energy bites,642,8/19/2024
almond date energy bites,950,8/19/2024
almond date energy bites,209,8/20/2024
almond date energy bites,408,8/24/2024
almond date energy bites,450,8/28/2024
almond date energy bites,153,8/28/2024
almond date energy bites,549,8/29/2024
almond date energy bites,91,8/31/2024
almond date energy bites,739,9/2/2024
almond date energy bites,911,9/2/2024
almond date energy bites,834,9/2/2024
almond date energy bites,876,9/2/2024
almond date energy bites,234,9/3/2024
almond date energy bites,506,9/5/2024
almond date energy bites,537,9/7/2024
almond date energy bites,333,9/10/2024
almond date energy bites,153,9/17/2024
almond date energy bites,278,9/18/2024
almond date energy bites,911,9/20/2024
almond date energy bites,664,9/22/2024
almond date energy bites,856,9/23/2024
almond date energy bites,781,9/25/2024
almond date energy bites,662,9/26/2024
almond date energy bites,818,9/27/2024
almond date energy bites,401,9/27/2024
almond date energy bites,640,9/28/2024
almond date energy bites,174,9/28/2024
almond date energy bites,931,9/30/2024
almond date energy bites,480,10/1/2024
almond date energy bites,963,10/2/2024
almond date energy bites,896,10/2/2024
almond date energy bites,410,10/4/2024
almond date energy bites,109,10/4/2024
almond date energy bites,759,10/9/2024
almond date energy bites,680,10/12/2024
almond date energy bites,883,10/16/2024
almond date energy bites,8,10/17/2024
almond date energy bites,377,10/18/2024
almond date energy bites,498,10/19/2024
almond date energy bites,169,10/20/2024
almond date energy bites,217,10/20/2024
almond date energy bites,635,10/20/2024
almond date energy bites,252,10/23/2024
almond date energy bites,258,10/24/2024
almond date energy bites,346,10/29/2024
almond date energy bites,174,10/30/2024
almond date energy bites,188,10/31/2024
almond date energy bites,726,11/2/2024
almond date energy bites,214,11/6/2024
almond date energy bites,506,11/8/2024
almond date energy bites,885,11/9/2024
almond date energy bites,989,11/9/2024
almond date energy bites,863,11/9/2024
almond date energy bites,927,11/19/2024
almond date energy bites,997,11/20/2024
almond date energy bites,378,11/23/2024
almond date energy bites,637,11/24/2024
almond date energy bites,274,11/26/2024
almond date energy bites,947,11/26/2024
almond date energy bites,361,11/27/2024
almond date energy bites,889,11/27/2024
almond date energy bites,143,11/28/2024
almond date energy bites,212,12/2/2024
almond date energy bites,583,12/4/2024
almond date energy bites,710,12/6/2024
almond date energy bites,782,12/6/2024
almond date energy bites,710,12/11/2024
almond date energy bites,61,12/11/2024
almond date energy bites,287,12/11/2024
almond date energy bites,383,12/12/2024
almond date energy bites,593,12/13/2024
almond date energy bites,888,12/13/2024
almond date energy bites,731,12/19/2024
almond date energy bites,246,12/25/2024
almond date energy bites,436,12/29/2024
almond date energy bites,102,12/31/2024
almond date energy bites,382,1/2/2025
almond date energy bites,86,1/3/2025
almond date energy bites,606,1/4/2025
almond date energy bites,477,1/5/2025
almond date energy bites,498,1/6/2025
almond date energy bites,30,1/7/2025
almond date energy bites,584,1/10/2025
almond date energy bites,463,1/12/2025
almond date energy bites,485,1/15/2025
almond date energy bites,87,1/16/2025
almond date energy bites,211,1/18/2025
almond date energy bites,876,1/18/2025
almond date energy bites,5,1/20/2025
almond date energy bites,445,1/21/2025
almond date energy bites,532,1/21/2025
almond date energy bites,724,1/26/2025
almond date energy bites,935,1/27/2025
almond date energy bites,778,1/29/2025
almond date energy bites,631,1/29/2025
almond date energy bites,14,2/1/2025
almond date energy bites,119,2/4/2025
almond date energy bites,51,2/4/2025
almond date energy bites,881,2/4/2025
almond date energy bites,151,2/5/2025
almond date energy bites,928,2/13/2025
almond date energy bites,185,2/14/2025
almond date energy bites,605,2/14/2025
almond date energy bites,41,2/15/2025
almond date energy bites,924,2/15/2025
almond date energy bites,383,2/16/2025
almond date energy bites,835,2/16/2025
almond date energy bites,442,2/16/2025
almond date energy bites,89,2/18/2025
almond date energy bites,798,2/19/2025
almond date energy bites,570,2/21/2025
almond date energy bites,44,2/24/2025
almond date energy bites,265,2/25/2025
almond date energy bites,332,2/26/2025
almond date energy bites,31,2/26/2025
almond date energy bites,217,3/1/2025
almond date energy bites,424,3/1/2025
almond date energy bites,428,3/1/2025
almond date energy bites,581,3/2/2025
almond date energy bites,960,3/2/2025
almond date energy bites,235,3/4/2025
almond date energy bites,185,3/4/2025
almond date energy bites,400,3/4/2025
almond date energy bites,835,3/10/2025
almond date energy bites,930,3/12/2025
almond date energy bites,506,3/13/2025
almond date energy bites,819,3/14/2025
almond date energy bites,348,3/14/2025
almond date energy bites,687,3/18/2025
almond date energy bites,919,3/18/2025
almond date energy bites,714,3/20/2025
almond date energy bites,512,3/21/2025
almond date energy bites,69,3/23/2025
almond date energy bites,690,3/24/2025
almond date energy bites,584,3/25/2025
almond date energy bites,593,3/25/2025
almond date energy bites,13,3/25/2025
almond date energy bites,132,3/28/2025
almond date energy bites,834,3/30/2025
almond date energy bites,155,4/1/2025
almond date energy bites,923,4/1/2025
almond date energy bites,418,4/1/2025
almond date energy bites,278,4/2/2025
almond date energy bites,978,4/5/2025
almond date energy bites,604,4/5/2025
almond date energy bites,355,4/6/2025
almond date energy bites,687,4/9/2025
almond date energy bites,708,4/9/2025
almond date energy bites,278,4/10/2025
almond date energy bites,45,4/12/2025
almond date energy bites,40,4/12/2025
almond date energy bites,218,4/13/2025
almond date energy bites,360,4/13/2025
almond date energy bites,799,4/16/2025
almond date energy bites,873,4/16/2025
almond date energy bites,289,4/17/2025
almond date energy bites,352,4/18/2025
almond date energy bites,437,4/18/2025
almond date energy bites,868,4/20/2025
almond date energy bites,131,4/20/2025
almond date energy bites,969,4/21/2025
almond date energy bites,410,4/23/2025
almond date energy bites,100,4/23/2025
almond date energy bites,951,4/25/2025
almond date energy bites,756,4/28/2025
almond date energy bites,921,4/30/2025
almond date energy bites,54,5/1/2025
almond date energy bites,378,5/1/2025
almond date energy bites,379,5/4/2025
almond date energy bites,40,5/11/2025
almond date energy bites,419,5/11/2025
almond date energy bites,104,5/15/2025
almond date energy bites,305,5/19/2025
almond date energy bites,955,5/21/2025
almond date energy bites,597,5/22/2025
almond date energy bites,850,5/23/2025
almond date energy bites,626,5/23/2025
almond date energy bites,990,5/23/2025
almond date energy bites,567,5/24/2025
almond date energy bites,347,5/28/2025
almond date energy bites,262,5/28/2025
almond date energy bites,869,5/31/2025
almond date energy bites,145,6/3/2025
almond date energy bites,36,6/4/2025
almond date energy bites,98,6/4/2025
almond date energy bites,675,6/10/2025
almond date energy bites,775,6/16/2025
almond date energy bites,315,6/22/2025
almond date energy bites,918,6/23/2025
almond date energy bites,329,6/30/2025
almond date energy bites,838,7/2/2025
almond date energy bites,322,7/3/2025
almond date energy bites,421,7/4/2025
almond date energy bites,281,7/6/2025
almond date energy bites,140,7/12/2025
almond date energy bites,553,7/14/2025
almond date energy bites,283,7/16/2025
almond date energy bites,885,7/18/2025
almond date energy bites,557,7/20/2025
almond date energy bites,81,7/21/2025
almond date energy bites,684,7/21/2025
almond date energy bites,346,7/26/2025
almond date energy bites,422,7/30/2025
almond date energy bites,468,7/31/2025
almond date energy bites,518,8/1/2025
almond date energy bites,357,8/2/2025
almond date energy bites,576,8/2/2025
almond date energy bites,116,8/5/2025
almond date energy bites,5,8/7/2025
almond date energy bites,198,8/9/2025
almond date energy bites,341,8/9/2025
almond date energy bites,101,8/10/2025
almond date energy bites,564,8/11/2025
almond date energy bites,903,8/14/2025
almond date energy bites,36,8/14/2025
almond date energy bites,473,8/17/2025
almond date energy bites,955,8/18/2025
almond date energy bites,459,8/19/2025
almond date energy bites,829,8/20/2025
almond date energy bites,165,8/21/2025
almond date energy bites,377,8/22/2025
almond date energy bites,171,8/25/2025
almond date energy bites,845,8/28/2025
almond date energy bites,958,8/29/2025
almond date energy bites,53,9/1/2025
almond date energy bites,329,9/2/2025
almond date energy bites,327,9/3/2025
almond date energy bites,980,9/7/2025
almond date energy bites,281,9/9/2025
almond date energy bites,81,9/11/2025
almond date energy bites,90,9/12/2025
almond date energy bites,522,9/13/2025
almond date energy bites,739,9/14/2025
almond date energy bites,102,9/14/2025
almond date energy bites,722,9/16/2025
almond date energy bites,823,9/17/2025
almond date energy bites,369,9/20/2025
almond date energy bites,654,9/23/2025
almond date energy bites,683,9/24/2025
almond date energy bites,550,9/25/2025
almond date energy bites,449,9/28/2025
almond date energy bites,333,9/28/2025
almond date energy bites,779,10/1/2025
almond date energy bites,417,10/1/2025
almond date energy bites,430,10/3/2025
almond date energy bites,1,10/9/2025
almond date energy bites,987,10/17/2025
almond date energy bites,817,10/18/2025
almond date energy bites,972,10/20/2025
almond date energy bites,706,10/22/2025
almond date energy bites,921,10/23/2025
almond date energy bites,147,10/27/2025
almond date energy bites,404,10/30/2025
almond date energy bites,9,11/1/2025
almond date energy bites,215,11/1/2025
almond date energy bites,865,11/3/2025
almond date energy bites,183,11/4/2025
almond date energy bites,455,11/5/2025
almond date energy bites,839,11/7/2025
almond date energy bites,57,11/11/2025
almond date energy bites,3,11/13/2025
almond date energy bites,453,11/14/2025
almond date energy bites,382,11/15/2025
almond date energy bites,96,11/16/2025
almond date energy bites,654,11/19/2025
almond date energy bites,297,11/20/2025
almond date energy bites,957,11/24/2025
almond date energy bites,21,11/26/2025
almond date energy bites,812,11/28/2025
almond date energy bites,335,12/1/2025
almond date energy bites,980,12/6/2025
almond date energy bites,515,12/6/2025
almond date energy bites,346,12/6/2025
almond date energy bites,960,12/6/2025
almond date energy bites,346,12/13/2025
almond date energy bites,509,12/16/2025
almond date energy bites,986,12/17/2025
almond date energy bites,913,12/22/2025
almond date energy bites,107,12/23/2025
almond date energy bites,916,12/28/2025
almond date energy bites,381,12/28/2025
almond date energy bites,111,12/30/2025
almond date energy bites,6,12/31/2025
almond date energy bites,944,12/31/2025
almond date energy bites,217,1/2/2026
almond date energy bites,102,1/2/2026
almond date energy bites,715,1/3/2026
almond date energy bites,984,1/8/2026
almond date energy bites,762,1/9/2026
almond date energy bites,965,1/9/2026
almond date energy bites,491,1/10/2026
almond date energy bites,627,1/10/2026
almond date energy bites,959,1/10/2026
almond date energy bites,764,1/13/2026
almond date energy bites,692,1/16/2026
almond date energy bites,989,1/22/2026
almond date energy bites,92,1/22/2026
almond date energy bites,356,1/25/2026
almond date energy bites,845,1/27/2026
almond date energy bites,194,1/30/2026
almond date energy bites,946,2/16/2026
almond date energy bites,670,2/16/2026
almond date energy bites,389,2/16/2026
almond date energy bites,129,2/18/2026
almond date energy bites,328,2/19/2026
almond date energy bites,4,2/20/2026
almond date energy bites,435,2/20/2026
almond date energy bites,685,2/20/2026
almond date energy bites,488,2/21/2026
almond date energy bites,669,2/22/2026
almond date energy bites,471,2/22/2026
almond date energy bites,943,2/26/2026
almond date energy bites,268,3/1/2026
almond date energy bites,325,3/6/2026
almond date energy bites,544,3/8/2026
almond date energy bites,69,3/9/2026
almond date energy bites,342,3/10/2026
almond date energy bites,975,3/10/2026
almond date energy bites,732,3/13/2026
almond date energy bites,585,3/17/2026
almond date energy bites,553,3/19/2026
almond date energy bites,529,3/21/2026
plant protein bar,308,3/5/2021
plant protein bar,202,3/5/2021
plant protein bar,987,3/5/2021
plant protein bar,80,3/9/2021
plant protein bar,404,3/10/2021
plant protein bar,756,3/10/2021
plant protein bar,493,3/11/2021
plant protein bar,459,3/13/2021
plant protein bar,599,3/17/2021
plant protein bar,500,3/23/2021
plant protein bar,315,3/26/2021
plant protein bar,885,3/27/2021
plant protein bar,270,3/27/2021
plant protein bar,265,3/28/2021
plant protein bar,162,3/29/2021
plant protein bar,519,3/30/2021
plant protein bar,306,3/31/2021
plant protein bar,321,3/31/2021
plant protein bar,555,3/31/2021
plant protein bar,748,4/3/2021
plant protein bar,725,4/4/2021
plant protein bar,442,4/4/2021
plant protein bar,655,4/9/2021
plant protein bar,119,4/15/2021
plant protein bar,788,4/16/2021
plant protein bar,519,4/16/2021
plant protein bar,48,4/16/2021
plant protein bar,77,4/17/2021
plant protein bar,394,4/17/2021
plant protein bar,827,4/18/2021
plant protein bar,662,4/22/2021
plant protein bar,742,4/23/2021
plant protein bar,766,4/26/2021
plant protein bar,384,4/28/2021
plant protein bar,733,4/30/2021
plant protein bar,572,5/1/2021
plant protein bar,992,5/5/2021
plant protein bar,310,5/9/2021
plant protein bar,732,5/11/2021
plant protein bar,56,5/11/2021
plant protein bar,270,5/11/2021
plant protein bar,558,5/11/2021
plant protein bar,787,5/12/2021
plant protein bar,967,5/13/2021
plant protein bar,426,5/13/2021
plant protein bar,642,5/13/2021
plant protein bar,324,5/18/2021
plant protein bar,884,5/18/2021
plant protein bar,845,5/18/2021
plant protein bar,139,5/20/2021
plant protein bar,247,5/21/2021
plant protein bar,5,5/21/2021
plant protein bar,352,5/21/2021
plant protein bar,736,5/22/2021
plant protein bar,429,5/24/2021
plant protein bar,743,5/24/2021
plant protein bar,392,5/24/2021
plant protein bar,567,5/26/2021
plant protein bar,500,5/27/2021
plant protein bar,720,5/28/2021
plant protein bar,328,5/28/2021
plant protein bar,822,5/30/2021
plant protein bar,521,6/3/2021
plant protein bar,853,6/7/2021
plant protein bar,835,6/10/2021
plant protein bar,207,6/12/2021
plant protein bar,378,6/13/2021
plant protein bar,602,6/14/2021
plant protein bar,197,6/15/2021
plant protein bar,797,6/17/2021
plant protein bar,101,6/19/2021
plant protein bar,225,6/21/2021
plant protein bar,995,6/21/2021
plant protein bar,993,6/22/2021
plant protein bar,785,6/25/2021
plant protein bar,58,6/27/2021
plant protein bar,93,6/28/2021
plant protein bar,200,6/29/2021
plant protein bar,451,6/30/2021
plant protein bar,525,7/1/2021
plant protein bar,412,7/3/2021
plant protein bar,609,7/10/2021
plant protein bar,500,7/11/2021
plant protein bar,786,7/12/2021
plant protein bar,413,7/12/2021
plant protein bar,89,7/14/2021
plant protein bar,965,7/16/2021
plant protein bar,810,7/16/2021
plant protein bar,694,7/18/2021
plant protein bar,561,7/20/2021
plant protein bar,609,7/21/2021
plant protein bar,486,7/22/2021
plant protein bar,770,7/26/2021
plant protein bar,106,7/31/2021
plant protein bar,905,8/2/2021
plant protein bar,165,8/3/2021
plant protein bar,981,8/5/2021
plant protein bar,858,8/5/2021
plant protein bar,5,8/7/2021
plant protein bar,107,8/7/2021
plant protein bar,188,8/8/2021
plant protein bar,767,8/9/2021
plant protein bar,388,8/12/2021
plant protein bar,467,8/14/2021
plant protein bar,69,8/16/2021
plant protein bar,604,8/23/2021
plant protein bar,24,8/27/2021
plant protein bar,576,8/30/2021
plant protein bar,684,9/1/2021
plant protein bar,155,9/2/2021
plant protein bar,772,9/3/2021
plant protein bar,480,9/9/2021
plant protein bar,629,9/10/2021
plant protein bar,377,9/13/2021
plant protein bar,617,9/13/2021
plant protein bar,432,9/19/2021
plant protein bar,832,9/19/2021
plant protein bar,596,9/19/2021
plant protein bar,46,9/20/2021
plant protein bar,988,9/21/2021
plant protein bar,229,9/23/2021
plant protein bar,598,9/23/2021
plant protein bar,657,9/27/2021
plant protein bar,570,9/29/2021
plant protein bar,760,10/1/2021
plant protein bar,255,10/3/2021
plant protein bar,396,10/6/2021
plant protein bar,538,10/11/2021
plant protein bar,899,10/14/2021
plant protein bar,230,10/18/2021
plant protein bar,868,10/21/2021
plant protein bar,950,10/26/2021
plant protein bar,266,10/28/2021
plant protein bar,174,10/28/2021
plant protein bar,10,11/1/2021
plant protein bar,868,11/3/2021
plant protein bar,614,11/3/2021
plant protein bar,920,11/6/2021
plant protein bar,725,11/7/2021
plant protein bar,263,11/13/2021
plant protein bar,552,11/15/2021
plant protein bar,533,11/15/2021
plant protein bar,500,11/18/2021
plant protein bar,925,11/19/2021
plant protein bar,915,11/24/2021
plant protein bar,589,11/28/2021
plant protein bar,913,11/29/2021
plant protein bar,150,11/30/2021
plant protein bar,308,11/30/2021
plant protein bar,828,12/1/2021
plant protein bar,238,12/2/2021
plant protein bar,596,12/2/2021
plant protein bar,324,12/4/2021
plant protein bar,572,12/9/2021
plant protein bar,65,12/10/2021
plant protein bar,451,12/11/2021
plant protein bar,205,12/23/2021
plant protein bar,820,12/24/2021
plant protein bar,42,12/29/2021
plant protein bar,811,12/31/2021
plant protein bar,234,12/31/2021
plant protein bar,474,1/3/2022
plant protein bar,154,1/4/2022
plant protein bar,516,1/4/2022
plant protein bar,107,1/6/2022
plant protein bar,431,1/7/2022
plant protein bar,44,1/8/2022
plant protein bar,525,1/13/2022
plant protein bar,379,1/13/2022
plant protein bar,971,1/22/2022
plant protein bar,173,1/25/2022
plant protein bar,331,1/26/2022
plant protein bar,919,1/28/2022
plant protein bar,442,1/29/2022
plant protein bar,968,2/1/2022
plant protein bar,244,2/8/2022
plant protein bar,542,2/10/2022
plant protein bar,15,2/15/2022
plant protein bar,779,2/16/2022
plant protein bar,936,2/17/2022
plant protein bar,636,2/17/2022
plant protein bar,129,2/17/2022
plant protein bar,88,2/20/2022
plant protein bar,285,2/21/2022
plant protein bar,777,2/26/2022
plant protein bar,549,2/28/2022
plant protein bar,713,3/1/2022
plant protein bar,291,3/1/2022
plant protein bar,555,3/2/2022
plant protein bar,175,3/3/2022
plant protein bar,996,3/3/2022
plant protein bar,836,3/4/2022
plant protein bar,67,3/7/2022
plant protein bar,662,3/8/2022
plant protein bar,590,3/15/2022
plant protein bar,933,3/15/2022
plant protein bar,549,3/21/2022
plant protein bar,716,3/22/2022
plant protein bar,447,3/25/2022
plant protein bar,406,3/25/2022
plant protein bar,766,3/25/2022
plant protein bar,349,4/1/2022
plant protein bar,274,4/1/2022
plant protein bar,644,4/2/2022
plant protein bar,450,4/4/2022
plant protein bar,739,4/5/2022
plant protein bar,808,4/5/2022
plant protein bar,939,4/6/2022
plant protein bar,166,4/8/2022
plant protein bar,592,4/8/2022
plant protein bar,975,4/9/2022
plant protein bar,835,4/9/2022
plant protein bar,420,4/11/2022
plant protein bar,990,4/12/2022
plant protein bar,557,4/14/2022
plant protein bar,778,4/15/2022
plant protein bar,124,4/17/2022
plant protein bar,806,4/20/2022
plant protein bar,616,4/20/2022
plant protein bar,634,4/25/2022
plant protein bar,891,4/29/2022
plant protein bar,648,5/2/2022
plant protein bar,768,5/2/2022
plant protein bar,182,5/2/2022
plant protein bar,499,5/3/2022
plant protein bar,463,5/4/2022
plant protein bar,151,5/5/2022
plant protein bar,322,5/8/2022
plant protein bar,229,5/10/2022
plant protein bar,637,5/11/2022
plant protein bar,982,5/16/2022
plant protein bar,816,5/18/2022
plant protein bar,359,5/18/2022
plant protein bar,330,5/18/2022
plant protein bar,38,5/22/2022
plant protein bar,534,5/23/2022
plant protein bar,362,5/23/2022
plant protein bar,945,5/24/2022
plant protein bar,329,5/30/2022
plant protein bar,25,6/1/2022
plant protein bar,195,6/5/2022
plant protein bar,895,6/8/2022
plant protein bar,811,6/10/2022
plant protein bar,449,6/10/2022
plant protein bar,231,6/14/2022
plant protein bar,70,6/17/2022
plant protein bar,341,6/18/2022
plant protein bar,391,6/22/2022
plant protein bar,394,6/26/2022
plant protein bar,810,6/28/2022
plant protein bar,47,6/28/2022
plant protein bar,155,7/2/2022
plant protein bar,783,7/4/2022
plant protein bar,16,7/7/2022
plant protein bar,892,7/12/2022
plant protein bar,930,7/13/2022
plant protein bar,361,7/14/2022
plant protein bar,14,7/15/2022
plant protein bar,23,7/18/2022
plant protein bar,339,7/19/2022
plant protein bar,272,7/22/2022
plant protein bar,208,7/23/2022
plant protein bar,448,7/26/2022
plant protein bar,872,7/28/2022
plant protein bar,291,7/29/2022
plant protein bar,87,7/29/2022
plant protein bar,161,7/30/2022
plant protein bar,480,7/30/2022
plant protein bar,546,7/31/2022
plant protein bar,316,8/3/2022
plant protein bar,356,8/4/2022
plant protein bar,133,8/6/2022
plant protein bar,908,8/8/2022
plant protein bar,894,8/9/2022
plant protein bar,557,8/10/2022
plant protein bar,555,8/12/2022
plant protein bar,893,8/12/2022
plant protein bar,381,8/18/2022
plant protein bar,862,8/22/2022
plant protein bar,25,8/24/2022
plant protein bar,193,8/25/2022
plant protein bar,500,8/26/2022
plant protein bar,360,8/27/2022
plant protein bar,804,8/29/2022
plant protein bar,107,9/3/2022
plant protein bar,489,9/8/2022
plant protein bar,691,9/9/2022
plant protein bar,10,9/10/2022
plant protein bar,121,9/14/2022
plant protein bar,908,9/18/2022
plant protein bar,209,9/21/2022
plant protein bar,467,9/22/2022
plant protein bar,812,9/23/2022
plant protein bar,720,9/24/2022
plant protein bar,548,9/26/2022
plant protein bar,128,9/27/2022
plant protein bar,13,9/29/2022
plant protein bar,722,9/30/2022
plant protein bar,823,10/1/2022
plant protein bar,217,10/2/2022
plant protein bar,957,10/5/2022
plant protein bar,815,10/11/2022
plant protein bar,541,10/14/2022
plant protein bar,340,10/20/2022
plant protein bar,823,10/23/2022
plant protein bar,811,10/25/2022
plant protein bar,591,10/27/2022
plant protein bar,251,10/27/2022
plant protein bar,208,10/30/2022
plant protein bar,335,10/31/2022
plant protein bar,716,10/31/2022
plant protein bar,500,11/2/2022
plant protein bar,827,11/3/2022
plant protein bar,638,11/6/2022
plant protein bar,465,11/8/2022
plant protein bar,327,11/8/2022
plant protein bar,245,11/9/2022
plant protein bar,978,11/10/2022
plant protein bar,702,11/10/2022
plant protein bar,496,11/10/2022
plant protein bar,11,11/15/2022
plant protein bar,802,11/18/2022
plant protein bar,542,11/19/2022
plant protein bar,946,11/21/2022
plant protein bar,962,11/22/2022
plant protein bar,224,11/24/2022
plant protein bar,956,11/25/2022
plant protein bar,624,11/27/2022
plant protein bar,75,11/28/2022
plant protein bar,2,12/6/2022
plant protein bar,186,12/8/2022
plant protein bar,86,12/9/2022
plant protein bar,673,12/11/2022
plant protein bar,256,12/12/2022
plant protein bar,292,12/12/2022
plant protein bar,226,12/13/2022
plant protein bar,13,12/14/2022
plant protein bar,585,12/21/2022
plant protein bar,545,12/22/2022
plant protein bar,328,12/23/2022
plant protein bar,904,12/23/2022
plant protein bar,875,12/28/2022
plant protein bar,143,12/30/2022
plant protein bar,83,12/30/2022
plant protein bar,760,12/31/2022
plant protein bar,856,1/2/2023
plant protein bar,213,1/6/2023
plant protein bar,8,1/7/2023
plant protein bar,908,1/11/2023
plant protein bar,425,1/11/2023
plant protein bar,314,1/12/2023
plant protein bar,578,1/13/2023
plant protein bar,234,1/16/2023
plant protein bar,224,1/16/2023
plant protein bar,512,1/17/2023
plant protein bar,55,1/19/2023
plant protein bar,529,1/19/2023
plant protein bar,455,1/20/2023
plant protein bar,435,1/21/2023
plant protein bar,652,1/23/2023
plant protein bar,369,1/24/2023
plant protein bar,129,1/26/2023
plant protein bar,649,1/27/2023
plant protein bar,300,1/28/2023
plant protein bar,560,1/31/2023
plant protein bar,77,2/1/2023
plant protein bar,243,2/2/2023
plant protein bar,123,2/4/2023
plant protein bar,780,2/5/2023
plant protein bar,564,2/5/2023
plant protein bar,123,2/9/2023
plant protein bar,942,2/14/2023
plant protein bar,261,2/17/2023
plant protein bar,119,2/18/2023
plant protein bar,737,2/23/2023
plant protein bar,573,2/26/2023
plant protein bar,854,3/1/2023
plant protein bar,133,3/2/2023
plant protein bar,151,3/3/2023
plant protein bar,985,3/3/2023
plant protein bar,544,3/3/2023
plant protein bar,30,3/4/2023
plant protein bar,183,3/4/2023
plant protein bar,578,3/6/2023
plant protein bar,44,3/6/2023
plant protein bar,302,3/7/2023
plant protein bar,491,3/8/2023
plant protein bar,555,3/9/2023
plant protein bar,445,3/11/2023
plant protein bar,331,3/12/2023
plant protein bar,786,3/12/2023
plant protein bar,923,3/14/2023
plant protein bar,364,3/24/2023
plant protein bar,838,3/25/2023
plant protein bar,440,3/27/2023
plant protein bar,282,3/28/2023
plant protein bar,990,3/28/2023
plant protein bar,121,3/31/2023
plant protein bar,885,3/31/2023
plant protein bar,924,4/1/2023
plant protein bar,256,4/2/2023
plant protein bar,642,4/4/2023
plant protein bar,763,4/4/2023
plant protein bar,572,4/10/2023
plant protein bar,640,4/11/2023
plant protein bar,826,4/12/2023
plant protein bar,861,4/13/2023
plant protein bar,617,4/18/2023
plant protein bar,974,4/18/2023
plant protein bar,620,4/18/2023
plant protein bar,712,4/20/2023
plant protein bar,639,4/20/2023
plant protein bar,547,4/23/2023
plant protein bar,203,4/23/2023
plant protein bar,114,5/2/2023
plant protein bar,3,5/3/2023
plant protein bar,983,5/3/2023
plant protein bar,333,5/10/2023
plant protein bar,180,5/10/2023
plant protein bar,320,5/13/2023
plant protein bar,987,5/17/2023
plant protein bar,563,5/19/2023
plant protein bar,976,5/19/2023
plant protein bar,362,5/20/2023
plant protein bar,372,5/31/2023
plant protein bar,849,6/1/2023
plant protein bar,900,6/4/2023
plant protein bar,92,6/4/2023
plant protein bar,613,6/5/2023
plant protein bar,475,6/8/2023
plant protein bar,729,6/9/2023
plant protein bar,469,6/12/2023
plant protein bar,446,6/13/2023
plant protein bar,479,6/17/2023
plant protein bar,628,6/19/2023
plant protein bar,842,6/23/2023
plant protein bar,672,6/25/2023
plant protein bar,504,6/26/2023
plant protein bar,616,6/27/2023
plant protein bar,86,6/28/2023
plant protein bar,912,7/3/2023
plant protein bar,220,7/4/2023
plant protein bar,15,7/4/2023
plant protein bar,216,7/4/2023
plant protein bar,504,7/5/2023
plant protein bar,690,7/5/2023
plant protein bar,761,7/7/2023
plant protein bar,442,7/9/2023
plant protein bar,664,7/11/2023
plant protein bar,837,7/12/2023
plant protein bar,337,7/14/2023
plant protein bar,786,7/18/2023
plant protein bar,622,7/18/2023
plant protein bar,745,7/18/2023
plant protein bar,6,7/20/2023
plant protein bar,855,7/21/2023
plant protein bar,297,7/22/2023
plant protein bar,120,7/23/2023
plant protein bar,287,7/24/2023
plant protein bar,646,7/25/2023
plant protein bar,404,7/27/2023
plant protein bar,370,7/28/2023
plant protein bar,509,7/28/2023
plant protein bar,779,7/29/2023
plant protein bar,561,7/31/2023
plant protein bar,260,7/31/2023
plant protein bar,136,8/2/2023
plant protein bar,764,8/3/2023
plant protein bar,436,8/3/2023
plant protein bar,62,8/5/2023
plant protein bar,102,8/8/2023
plant protein bar,780,8/11/2023
plant protein bar,509,8/11/2023
plant protein bar,865,8/13/2023
plant protein bar,283,8/14/2023
plant protein bar,796,8/17/2023
plant protein bar,169,8/18/2023
plant protein bar,930,8/19/2023
plant protein bar,393,8/19/2023
plant protein bar,305,8/20/2023
plant protein bar,482,8/20/2023
plant protein bar,409,8/22/2023
plant protein bar,523,8/24/2023
plant protein bar,672,8/25/2023
plant protein bar,809,8/29/2023
plant protein bar,791,8/29/2023
plant protein bar,93,8/29/2023
plant protein bar,632,9/3/2023
plant protein bar,682,9/3/2023
plant protein bar,520,9/4/2023
plant protein bar,947,9/4/2023
plant protein bar,554,9/5/2023
plant protein bar,748,9/6/2023
plant protein bar,3,9/6/2023
plant protein bar,718,9/11/2023
plant protein bar,980,9/13/2023
plant protein bar,313,9/14/2023
plant protein bar,479,9/16/2023
plant protein bar,759,9/19/2023
plant protein bar,437,9/20/2023
plant protein bar,498,9/21/2023
plant protein bar,425,9/22/2023
plant protein bar,558,9/22/2023
plant protein bar,295,9/22/2023
plant protein bar,681,9/24/2023
plant protein bar,34,9/26/2023
plant protein bar,799,9/27/2023
plant protein bar,180,9/29/2023
plant protein bar,395,9/30/2023
plant protein bar,577,10/1/2023
plant protein bar,342,10/1/2023
plant protein bar,253,10/6/2023
plant protein bar,68,10/6/2023
plant protein bar,820,10/9/2023
plant protein bar,307,10/9/2023
plant protein bar,670,10/11/2023
plant protein bar,189,10/12/2023
plant protein bar,468,10/13/2023
plant protein bar,54,10/14/2023
plant protein bar,78,10/21/2023
plant protein bar,893,10/22/2023
plant protein bar,537,10/22/2023
plant protein bar,925,10/26/2023
plant protein bar,957,10/30/2023
plant protein bar,572,10/30/2023
plant protein bar,296,10/31/2023
plant protein bar,499,11/3/2023
plant protein bar,861,11/5/2023
plant protein bar,23,11/11/2023
plant protein bar,457,11/13/2023
plant protein bar,59,11/13/2023
plant protein bar,624,11/20/2023
plant protein bar,955,11/28/2023
plant protein bar,888,12/1/2023
plant protein bar,673,12/2/2023
plant protein bar,684,12/2/2023
plant protein bar,147,12/6/2023
plant protein bar,719,12/6/2023
plant protein bar,597,12/13/2023
plant protein bar,87,12/16/2023
plant protein bar,998,12/16/2023
plant protein bar,796,12/18/2023
plant protein bar,987,12/19/2023
plant protein bar,329,12/21/2023
plant protein bar,782,12/21/2023
plant protein bar,209,12/23/2023
plant protein bar,197,12/23/2023
plant protein bar,382,12/23/2023
plant protein bar,803,12/24/2023
plant protein bar,831,12/28/2023
plant protein bar,922,12/28/2023
plant protein bar,861,12/28/2023
plant protein bar,166,12/31/2023
plant protein bar,515,1/1/2024
plant protein bar,676,1/2/2024
plant protein bar,148,1/2/2024
plant protein bar,912,1/3/2024
plant protein bar,211,1/5/2024
plant protein bar,235,1/5/2024
plant protein bar,821,1/10/2024
plant protein bar,61,1/11/2024
plant protein bar,906,1/14/2024
plant protein bar,745,1/25/2024
plant protein bar,583,1/25/2024
plant protein bar,25,1/26/2024
plant protein bar,335,1/30/2024
plant protein bar,375,1/30/2024
plant protein bar,777,1/30/2024
plant protein bar,674,1/31/2024
plant protein bar,307,1/31/2024
plant protein bar,86,2/1/2024
plant protein bar,158,2/3/2024
plant protein bar,611,2/6/2024
plant protein bar,683,2/7/2024
plant protein bar,642,2/9/2024
plant protein bar,182,2/9/2024
plant protein bar,594,2/9/2024
plant protein bar,528,2/10/2024
plant protein bar,693,2/12/2024
plant protein bar,408,2/14/2024
plant protein bar,965,2/16/2024
plant protein bar,553,2/18/2024
plant protein bar,143,2/18/2024
plant protein bar,354,2/21/2024
plant protein bar,940,2/28/2024
plant protein bar,333,2/28/2024
plant protein bar,443,2/29/2024
plant protein bar,183,3/2/2024
plant protein bar,774,3/2/2024
plant protein bar,597,3/2/2024
plant protein bar,415,3/4/2024
plant protein bar,385,3/6/2024
plant protein bar,571,3/6/2024
plant protein bar,864,3/10/2024
plant protein bar,167,3/12/2024
plant protein bar,600,3/15/2024
plant protein bar,679,3/18/2024
plant protein bar,892,3/19/2024
plant protein bar,960,3/20/2024
plant protein bar,373,3/26/2024
plant protein bar,680,3/28/2024
plant protein bar,449,3/30/2024
plant protein bar,394,3/31/2024
plant protein bar,106,4/2/2024
plant protein bar,22,4/2/2024
plant protein bar,429,4/2/2024
plant protein bar,612,4/3/2024
plant protein bar,715,4/3/2024
plant protein bar,588,4/4/2024
plant protein bar,487,4/5/2024
plant protein bar,149,4/6/2024
plant protein bar,718,4/6/2024
plant protein bar,808,4/7/2024
plant protein bar,870,4/8/2024
plant protein bar,226,4/8/2024
plant protein bar,705,4/14/2024
plant protein bar,654,4/16/2024
plant protein bar,139,4/16/2024
plant protein bar,229,4/20/2024
plant protein bar,582,4/20/2024
plant protein bar,563,4/20/2024
plant protein bar,678,4/23/2024
plant protein bar,265,4/28/2024
plant protein bar,985,4/29/2024
plant protein bar,760,4/30/2024
plant protein bar,124,5/2/2024
plant protein bar,409,5/3/2024
plant protein bar,525,5/4/2024
plant protein bar,211,5/6/2024
plant protein bar,363,5/7/2024
plant protein bar,582,5/10/2024
plant protein bar,349,5/13/2024
plant protein bar,546,5/19/2024
plant protein bar,833,5/30/2024
plant protein bar,235,6/3/2024
plant protein bar,483,6/4/2024
plant protein bar,391,6/20/2024
plant protein bar,472,6/24/2024
plant protein bar,997,6/26/2024
plant protein bar,539,6/29/2024
plant protein bar,525,6/29/2024
plant protein bar,724,6/29/2024
plant protein bar,330,7/2/2024
plant protein bar,282,7/3/2024
plant protein bar,527,7/3/2024
plant protein bar,94,7/5/2024
plant protein bar,761,7/6/2024
plant protein bar,685,7/8/2024
plant protein bar,295,7/9/2024
plant protein bar,299,7/9/2024
plant protein bar,320,7/10/2024
plant protein bar,50,7/10/2024
plant protein bar,249,7/13/2024
plant protein bar,969,7/18/2024
plant protein bar,299,7/20/2024
plant protein bar,37,7/21/2024
plant protein bar,209,7/22/2024
plant protein bar,114,7/22/2024
plant protein bar,470,7/24/2024
plant protein bar,506,7/25/2024
plant protein bar,275,7/27/2024
plant protein bar,505,7/28/2024
plant protein bar,853,7/30/2024
plant protein bar,184,7/30/2024
plant protein bar,408,8/6/2024
plant protein bar,467,8/7/2024
plant protein bar,358,8/7/2024
plant protein bar,781,8/8/2024
plant protein bar,527,8/9/2024
plant protein bar,209,8/11/2024
plant protein bar,637,8/12/2024
plant protein bar,490,8/12/2024
plant protein bar,252,8/13/2024
plant protein bar,790,8/14/2024
plant protein bar,381,8/15/2024
plant protein bar,507,8/19/2024
plant protein bar,719,8/19/2024
plant protein bar,265,8/19/2024
plant protein bar,196,8/22/2024
plant protein bar,654,8/22/2024
plant protein bar,571,8/25/2024
plant protein bar,622,8/28/2024
plant protein bar,749,9/5/2024
plant protein bar,499,9/7/2024
plant protein bar,58,9/10/2024
plant protein bar,719,9/11/2024
plant protein bar,789,9/15/2024
plant protein bar,989,9/16/2024
plant protein bar,893,9/16/2024
plant protein bar,518,9/21/2024
plant protein bar,823,9/22/2024
plant protein bar,845,9/26/2024
plant protein bar,851,9/26/2024
plant protein bar,103,9/28/2024
plant protein bar,772,10/2/2024
plant protein bar,706,10/6/2024
plant protein bar,117,10/8/2024
plant protein bar,779,10/9/2024
plant protein bar,906,10/11/2024
plant protein bar,564,10/11/2024
plant protein bar,488,10/14/2024
plant protein bar,999,10/14/2024
plant protein bar,261,10/16/2024
plant protein bar,382,10/16/2024
plant protein bar,656,10/16/2024
plant protein bar,525,10/17/2024
plant protein bar,254,10/17/2024
plant protein bar,991,10/18/2024
plant protein bar,967,10/20/2024
plant protein bar,566,10/21/2024
plant protein bar,204,10/22/2024
plant protein bar,248,10/23/2024
plant protein bar,317,10/23/2024
plant protein bar,941,10/23/2024
plant protein bar,163,10/23/2024
plant protein bar,351,10/23/2024
plant protein bar,20,10/24/2024
plant protein bar,39,10/28/2024
plant protein bar,154,10/28/2024
plant protein bar,560,10/29/2024
plant protein bar,788,10/29/2024
plant protein bar,358,11/5/2024
plant protein bar,781,11/7/2024
plant protein bar,301,11/10/2024
plant protein bar,407,11/13/2024
plant protein bar,571,11/13/2024
plant protein bar,417,11/13/2024
plant protein bar,992,11/13/2024
plant protein bar,155,11/16/2024
plant protein bar,66,11/17/2024
plant protein bar,769,11/17/2024
plant protein bar,219,11/17/2024
plant protein bar,591,11/21/2024
plant protein bar,663,11/24/2024
plant protein bar,822,11/28/2024
plant protein bar,532,11/30/2024
plant protein bar,154,11/30/2024
plant protein bar,727,12/1/2024
plant protein bar,69,12/3/2024
plant protein bar,306,12/10/2024
plant protein bar,449,12/14/2024
plant protein bar,311,12/15/2024
plant protein bar,474,12/16/2024
plant protein bar,857,12/16/2024
plant protein bar,26,12/16/2024
plant protein bar,699,12/19/2024
plant protein bar,992,12/21/2024
plant protein bar,504,12/21/2024
plant protein bar,548,12/27/2024
plant protein bar,926,12/28/2024
plant protein bar,123,12/29/2024
plant protein bar,410,12/31/2024
plant protein bar,369,12/31/2024
plant protein bar,773,1/3/2025
plant protein bar,249,1/7/2025
plant protein bar,194,1/10/2025
plant protein bar,34,1/13/2025
plant protein bar,129,1/20/2025
plant protein bar,887,1/20/2025
plant protein bar,975,1/25/2025
plant protein bar,88,1/29/2025
plant protein bar,979,1/29/2025
plant protein bar,441,1/31/2025
plant protein bar,670,1/31/2025
plant protein bar,923,2/1/2025
plant protein bar,545,2/1/2025
plant protein bar,977,2/3/2025
plant protein bar,55,2/4/2025
plant protein bar,344,2/6/2025
plant protein bar,670,2/6/2025
plant protein bar,526,2/7/2025
plant protein bar,973,2/8/2025
plant protein bar,182,2/12/2025
plant protein bar,700,2/12/2025
plant protein bar,473,2/16/2025
plant protein bar,701,2/17/2025
plant protein bar,858,2/17/2025
plant protein bar,90,2/19/2025
plant protein bar,518,2/20/2025
plant protein bar,906,2/20/2025
plant protein bar,204,2/22/2025
plant protein bar,670,2/24/2025
plant protein bar,345,2/26/2025
plant protein bar,346,2/27/2025
plant protein bar,634,3/1/2025
plant protein bar,7,3/5/2025
plant protein bar,507,3/8/2025
plant protein bar,80,3/10/2025
plant protein bar,753,3/13/2025
plant protein bar,99,3/13/2025
plant protein bar,156,3/14/2025
plant protein bar,293,3/18/2025
plant protein bar,734,3/20/2025
plant protein bar,210,3/20/2025
plant protein bar,636,3/21/2025
plant protein bar,618,3/25/2025
plant protein bar,246,3/29/2025
plant protein bar,722,4/3/2025
plant protein bar,662,4/8/2025
plant protein bar,692,4/14/2025
plant protein bar,693,4/14/2025
plant protein bar,995,4/15/2025
plant protein bar,837,4/15/2025
plant protein bar,109,4/16/2025
plant protein bar,956,4/17/2025
plant protein bar,155,4/17/2025
plant protein bar,248,4/19/2025
plant protein bar,950,4/22/2025
plant protein bar,805,4/23/2025
plant protein bar,602,4/23/2025
plant protein bar,794,4/25/2025
plant protein bar,484,4/25/2025
plant protein bar,787,4/26/2025
plant protein bar,370,4/28/2025
plant protein bar,385,4/29/2025
plant protein bar,99,4/30/2025
plant protein bar,183,5/3/2025
plant protein bar,600,5/3/2025
plant protein bar,666,5/4/2025
plant protein bar,413,5/7/2025
plant protein bar,15,5/8/2025
plant protein bar,82,5/10/2025
plant protein bar,318,5/20/2025
plant protein bar,976,5/22/2025
plant protein bar,291,5/25/2025
plant protein bar,767,5/25/2025
plant protein bar,734,5/30/2025
plant protein bar,303,6/1/2025
plant protein bar,968,6/1/2025
plant protein bar,974,6/3/2025
plant protein bar,610,6/5/2025
plant protein bar,121,6/8/2025
plant protein bar,947,6/12/2025
plant protein bar,454,6/12/2025
plant protein bar,281,6/12/2025
plant protein bar,633,6/12/2025
plant protein bar,988,6/13/2025
plant protein bar,526,6/13/2025
plant protein bar,651,6/15/2025
plant protein bar,393,6/17/2025
plant protein bar,653,6/19/2025
plant protein bar,655,6/21/2025
plant protein bar,362,6/22/2025
plant protein bar,632,6/26/2025
plant protein bar,266,6/26/2025
plant protein bar,105,6/29/2025
plant protein bar,118,6/29/2025
plant protein bar,214,7/4/2025
plant protein bar,335,7/5/2025
plant protein bar,277,7/5/2025
plant protein bar,923,7/9/2025
plant protein bar,670,7/10/2025
plant protein bar,419,7/12/2025
plant protein bar,700,7/13/2025
plant protein bar,2,7/16/2025
plant protein bar,515,7/21/2025
plant protein bar,134,7/21/2025
plant protein bar,439,7/22/2025
plant protein bar,125,7/29/2025
plant protein bar,246,8/1/2025
plant protein bar,594,8/2/2025
plant protein bar,210,8/2/2025
plant protein bar,281,8/7/2025
plant protein bar,387,8/7/2025
plant protein bar,847,8/7/2025
plant protein bar,849,8/10/2025
plant protein bar,349,8/10/2025
plant protein bar,406,8/13/2025
plant protein bar,750,8/14/2025
plant protein bar,707,8/14/2025
plant protein bar,200,8/15/2025
plant protein bar,610,8/16/2025
plant protein bar,305,8/16/2025
plant protein bar,897,8/16/2025
plant protein bar,640,8/21/2025
plant protein bar,800,8/22/2025
plant protein bar,839,8/24/2025
plant protein bar,995,8/28/2025
plant protein bar,305,8/29/2025
plant protein bar,202,8/30/2025
plant protein bar,824,8/30/2025
plant protein bar,238,9/1/2025
plant protein bar,615,9/2/2025
plant protein bar,101,9/3/2025
plant protein bar,29,9/4/2025
plant protein bar,813,9/6/2025
plant protein bar,694,9/7/2025
plant protein bar,115,9/8/2025
plant protein bar,324,9/9/2025
plant protein bar,133,9/11/2025
plant protein bar,361,9/11/2025
plant protein bar,526,9/15/2025
plant protein bar,860,9/16/2025
plant protein bar,6,9/16/2025
plant protein bar,971,9/19/2025
plant protein bar,847,9/22/2025
plant protein bar,986,9/22/2025
plant protein bar,656,9/23/2025
plant protein bar,303,9/23/2025
plant protein bar,885,9/25/2025
plant protein bar,289,9/26/2025
plant protein bar,297,9/29/2025
plant protein bar,702,10/1/2025
plant protein bar,895,10/1/2025
plant protein bar,261,10/3/2025
plant protein bar,730,10/4/2025
plant protein bar,836,10/8/2025
plant protein bar,826,10/9/2025
plant protein bar,258,10/10/2025
plant protein bar,681,10/11/2025
plant protein bar,131,10/14/2025
plant protein bar,183,10/16/2025
plant protein bar,645,10/19/2025
plant protein bar,228,10/20/2025
plant protein bar,893,10/21/2025
plant protein bar,983,10/21/2025
plant protein bar,901,10/22/2025
plant protein bar,883,10/24/2025
plant protein bar,353,10/29/2025
plant protein bar,316,10/29/2025
plant protein bar,615,10/30/2025
plant protein bar,914,11/4/2025
plant protein bar,131,11/4/2025
plant protein bar,421,11/5/2025
plant protein bar,977,11/5/2025
plant protein bar,607,11/5/2025
plant protein bar,427,11/6/2025
plant protein bar,195,11/6/2025
plant protein bar,281,11/16/2025
plant protein bar,363,11/17/2025
plant protein bar,378,11/17/2025
plant protein bar,146,11/19/2025
plant protein bar,714,11/22/2025
plant protein bar,9,11/22/2025
plant protein bar,360,11/23/2025
plant protein bar,774,11/24/2025
plant protein bar,953,11/25/2025
plant protein bar,23,11/26/2025
plant protein bar,209,11/28/2025
plant protein bar,510,11/29/2025
plant protein bar,304,12/1/2025
plant protein bar,862,12/2/2025
plant protein bar,25,12/5/2025
plant protein bar,53,12/10/2025
plant protein bar,464,12/16/2025
plant protein bar,543,12/17/2025
plant protein bar,11,12/17/2025
plant protein bar,515,12/17/2025
plant protein bar,684,12/18/2025
plant protein bar,597,12/20/2025
plant protein bar,111,12/20/2025
plant protein bar,164,12/22/2025
plant protein bar,165,12/23/2025
plant protein bar,206,12/25/2025
plant protein bar,560,12/29/2025
plant protein bar,95,12/29/2025
plant protein bar,71,1/1/2026
plant protein bar,328,1/4/2026
plant protein bar,45,1/4/2026
plant protein bar,169,1/5/2026
plant protein bar,364,1/5/2026
plant protein bar,882,1/7/2026
plant protein bar,15,1/9/2026
plant protein bar,887,1/10/2026
plant protein bar,56,1/15/2026
plant protein bar,13,1/18/2026
plant protein bar,649,1/19/2026
plant protein bar,235,1/24/2026
plant protein bar,855,1/25/2026
plant protein bar,567,1/27/2026
plant protein bar,345,1/29/2026
plant protein bar,267,1/30/2026
plant protein bar,883,2/3/2026
plant protein bar,943,2/4/2026
plant protein bar,382,2/4/2026
plant protein bar,85,2/6/2026
plant protein bar,159,2/6/2026
plant protein bar,665,2/8/2026
plant protein bar,667,2/12/2026
plant protein bar,575,2/20/2026
plant protein bar,911,2/22/2026
plant protein bar,309,2/24/2026
plant protein bar,899,2/25/2026
plant protein bar,293,2/27/2026
plant protein bar,111,3/1/2026
plant protein bar,742,3/1/2026
plant protein bar,419,3/1/2026
plant protein bar,326,3/2/2026
plant protein bar,80,3/8/2026
plant protein bar,363,3/8/2026
plant protein bar,259,3/9/2026
plant protein bar,761,3/12/2026
plant protein bar,601,3/13/2026
plant protein bar,830,3/13/2026
plant protein bar,821,3/18/2026
plant protein bar,423,3/18/2026
plant protein bar,576,3/19/2026
plant protein bar,394,3/19/2026
plant protein bar,379,3/20/2026
plant protein bar,231,3/20/2026
low sugar nut bar,528,3/6/2021
low sugar nut bar,601,3/9/2021
low sugar nut bar,813,3/12/2021
low sugar nut bar,651,3/12/2021
low sugar nut bar,832,3/12/2021
low sugar nut bar,562,3/14/2021
low sugar nut bar,283,3/17/2021
low sugar nut bar,500,3/17/2021
low sugar nut bar,503,3/21/2021
low sugar nut bar,58,3/21/2021
low sugar nut bar,582,3/22/2021
low sugar nut bar,289,3/26/2021
low sugar nut bar,428,3/27/2021
low sugar nut bar,63,3/27/2021
low sugar nut bar,917,3/28/2021
low sugar nut bar,706,3/29/2021
low sugar nut bar,683,3/29/2021
low sugar nut bar,917,3/30/2021
low sugar nut bar,197,4/3/2021
low sugar nut bar,660,4/5/2021
low sugar nut bar,299,4/6/2021
low sugar nut bar,836,4/6/2021
low sugar nut bar,857,4/7/2021
low sugar nut bar,825,4/9/2021
low sugar nut bar,642,4/10/2021
low sugar nut bar,739,4/13/2021
low sugar nut bar,555,4/15/2021
low sugar nut bar,166,4/17/2021
low sugar nut bar,562,4/18/2021
low sugar nut bar,989,4/21/2021
low sugar nut bar,373,4/23/2021
low sugar nut bar,545,4/24/2021
low sugar nut bar,687,4/26/2021
low sugar nut bar,574,4/30/2021
low sugar nut bar,466,4/30/2021
low sugar nut bar,437,5/4/2021
low sugar nut bar,19,5/4/2021
low sugar nut bar,100,5/6/2021
low sugar nut bar,645,5/6/2021
low sugar nut bar,584,5/7/2021
low sugar nut bar,609,5/8/2021
low sugar nut bar,771,5/8/2021
low sugar nut bar,707,5/11/2021
low sugar nut bar,758,5/11/2021
low sugar nut bar,631,5/13/2021
low sugar nut bar,24,5/19/2021
low sugar nut bar,600,5/21/2021
low sugar nut bar,383,5/25/2021
low sugar nut bar,336,5/25/2021
low sugar nut bar,762,5/27/2021
low sugar nut bar,535,5/30/2021
low sugar nut bar,917,6/1/2021
low sugar nut bar,485,6/2/2021
low sugar nut bar,512,6/2/2021
low sugar nut bar,568,6/2/2021
low sugar nut bar,438,6/3/2021
low sugar nut bar,732,6/3/2021
low sugar nut bar,114,6/5/2021
low sugar nut bar,578,6/5/2021
low sugar nut bar,727,6/7/2021
low sugar nut bar,703,6/8/2021
low sugar nut bar,10,6/8/2021
low sugar nut bar,316,6/9/2021
low sugar nut bar,961,6/11/2021
low sugar nut bar,968,6/15/2021
low sugar nut bar,798,6/15/2021
low sugar nut bar,836,6/19/2021
low sugar nut bar,384,6/19/2021
low sugar nut bar,344,6/21/2021
low sugar nut bar,107,6/23/2021
low sugar nut bar,747,6/24/2021
low sugar nut bar,660,6/24/2021
low sugar nut bar,745,6/29/2021
low sugar nut bar,406,6/29/2021
low sugar nut bar,831,7/1/2021
low sugar nut bar,813,7/1/2021
low sugar nut bar,813,7/1/2021
low sugar nut bar,484,7/2/2021
low sugar nut bar,294,7/7/2021
low sugar nut bar,215,7/9/2021
low sugar nut bar,221,7/11/2021
low sugar nut bar,998,7/11/2021
low sugar nut bar,131,7/12/2021
low sugar nut bar,560,7/12/2021
low sugar nut bar,504,7/19/2021
low sugar nut bar,178,7/20/2021
low sugar nut bar,733,7/24/2021
low sugar nut bar,673,7/24/2021
low sugar nut bar,552,7/30/2021
low sugar nut bar,354,8/1/2021
low sugar nut bar,552,8/3/2021
low sugar nut bar,778,8/5/2021
low sugar nut bar,228,8/5/2021
low sugar nut bar,523,8/9/2021
low sugar nut bar,61,8/11/2021
low sugar nut bar,937,8/11/2021
low sugar nut bar,974,8/15/2021
low sugar nut bar,462,8/18/2021
low sugar nut bar,218,8/19/2021
low sugar nut bar,460,8/19/2021
low sugar nut bar,760,8/19/2021
low sugar nut bar,341,8/20/2021
low sugar nut bar,172,8/21/2021
low sugar nut bar,370,8/22/2021
low sugar nut bar,401,8/24/2021
low sugar nut bar,939,8/25/2021
low sugar nut bar,98,8/30/2021
low sugar nut bar,206,8/31/2021
low sugar nut bar,919,8/31/2021
low sugar nut bar,868,9/7/2021
low sugar nut bar,973,9/8/2021
low sugar nut bar,445,9/9/2021
low sugar nut bar,5,9/10/2021
low sugar nut bar,555,9/12/2021
low sugar nut bar,943,9/13/2021
low sugar nut bar,835,9/14/2021
low sugar nut bar,631,9/19/2021
low sugar nut bar,299,9/22/2021
low sugar nut bar,363,9/25/2021
low sugar nut bar,782,9/25/2021
low sugar nut bar,37,9/25/2021
low sugar nut bar,570,9/26/2021
low sugar nut bar,421,9/27/2021
low sugar nut bar,156,9/27/2021
low sugar nut bar,601,9/29/2021
low sugar nut bar,486,10/1/2021
low sugar nut bar,455,10/2/2021
low sugar nut bar,270,10/2/2021
low sugar nut bar,582,10/6/2021
low sugar nut bar,674,10/9/2021
low sugar nut bar,445,10/12/2021
low sugar nut bar,907,10/17/2021
low sugar nut bar,131,10/23/2021
low sugar nut bar,313,10/26/2021
low sugar nut bar,532,10/27/2021
low sugar nut bar,94,10/27/2021
low sugar nut bar,985,11/4/2021
low sugar nut bar,679,11/6/2021
low sugar nut bar,959,11/10/2021
low sugar nut bar,172,11/13/2021
low sugar nut bar,522,11/24/2021
low sugar nut bar,291,11/25/2021
low sugar nut bar,47,11/26/2021
low sugar nut bar,894,11/26/2021
low sugar nut bar,835,11/28/2021
low sugar nut bar,200,12/2/2021
low sugar nut bar,104,12/3/2021
low sugar nut bar,970,12/4/2021
low sugar nut bar,626,12/5/2021
low sugar nut bar,259,12/6/2021
low sugar nut bar,468,12/8/2021
low sugar nut bar,441,12/9/2021
low sugar nut bar,364,12/9/2021
low sugar nut bar,630,12/10/2021
low sugar nut bar,972,12/13/2021
low sugar nut bar,583,12/19/2021
low sugar nut bar,44,12/22/2021
low sugar nut bar,564,12/23/2021
low sugar nut bar,235,12/23/2021
low sugar nut bar,985,12/26/2021
low sugar nut bar,229,12/28/2021
low sugar nut bar,742,12/28/2021
low sugar nut bar,547,12/28/2021
low sugar nut bar,92,12/29/2021
low sugar nut bar,653,12/30/2021
low sugar nut bar,587,12/31/2021
low sugar nut bar,458,1/6/2022
low sugar nut bar,793,1/6/2022
low sugar nut bar,384,1/11/2022
low sugar nut bar,7,1/16/2022
low sugar nut bar,906,1/27/2022
low sugar nut bar,77,1/27/2022
low sugar nut bar,90,1/31/2022
low sugar nut bar,126,2/7/2022
low sugar nut bar,240,2/9/2022
low sugar nut bar,629,2/9/2022
low sugar nut bar,105,2/10/2022
low sugar nut bar,138,2/12/2022
low sugar nut bar,949,2/12/2022
low sugar nut bar,398,2/12/2022
low sugar nut bar,984,2/15/2022
low sugar nut bar,82,2/15/2022
low sugar nut bar,406,2/16/2022
low sugar nut bar,89,2/17/2022
low sugar nut bar,292,2/19/2022
low sugar nut bar,441,2/21/2022
low sugar nut bar,290,2/22/2022
low sugar nut bar,724,2/23/2022
low sugar nut bar,446,2/26/2022
low sugar nut bar,63,2/26/2022
low sugar nut bar,110,2/27/2022
low sugar nut bar,401,3/1/2022
low sugar nut bar,487,3/1/2022
low sugar nut bar,460,3/1/2022
low sugar nut bar,192,3/4/2022
low sugar nut bar,279,3/9/2022
low sugar nut bar,672,3/10/2022
low sugar nut bar,693,3/11/2022
low sugar nut bar,345,3/14/2022
low sugar nut bar,226,3/14/2022
low sugar nut bar,903,3/17/2022
low sugar nut bar,402,3/21/2022
low sugar nut bar,266,3/21/2022
low sugar nut bar,302,3/24/2022
low sugar nut bar,378,3/29/2022
low sugar nut bar,946,3/30/2022
low sugar nut bar,313,3/31/2022
low sugar nut bar,410,4/1/2022
low sugar nut bar,541,4/1/2022
low sugar nut bar,49,4/5/2022
low sugar nut bar,372,4/5/2022
low sugar nut bar,357,4/7/2022
low sugar nut bar,411,4/9/2022
low sugar nut bar,600,4/10/2022
low sugar nut bar,354,4/11/2022
low sugar nut bar,65,4/12/2022
low sugar nut bar,690,4/15/2022
low sugar nut bar,577,4/16/2022
low sugar nut bar,246,4/17/2022
low sugar nut bar,666,4/18/2022
low sugar nut bar,924,4/23/2022
low sugar nut bar,791,4/24/2022
low sugar nut bar,655,4/25/2022
low sugar nut bar,137,4/25/2022
low sugar nut bar,729,4/25/2022
low sugar nut bar,727,4/26/2022
low sugar nut bar,200,4/30/2022
low sugar nut bar,939,5/1/2022
low sugar nut bar,578,5/2/2022
low sugar nut bar,596,5/5/2022
low sugar nut bar,342,5/6/2022
low sugar nut bar,843,5/8/2022
low sugar nut bar,755,5/10/2022
low sugar nut bar,48,5/15/2022
low sugar nut bar,692,5/15/2022
low sugar nut bar,452,5/17/2022
low sugar nut bar,391,5/18/2022
low sugar nut bar,452,5/18/2022
low sugar nut bar,131,5/19/2022
low sugar nut bar,650,5/20/2022
low sugar nut bar,746,5/20/2022
low sugar nut bar,912,5/21/2022
low sugar nut bar,385,5/22/2022
low sugar nut bar,888,5/30/2022
low sugar nut bar,21,5/30/2022
low sugar nut bar,198,5/31/2022
low sugar nut bar,801,6/1/2022
low sugar nut bar,700,6/1/2022
low sugar nut bar,466,6/5/2022
low sugar nut bar,604,6/7/2022
low sugar nut bar,948,6/7/2022
low sugar nut bar,156,6/8/2022
low sugar nut bar,691,6/9/2022
low sugar nut bar,153,6/11/2022
low sugar nut bar,715,6/12/2022
low sugar nut bar,236,6/12/2022
low sugar nut bar,509,6/16/2022
low sugar nut bar,145,6/22/2022
low sugar nut bar,318,6/27/2022
low sugar nut bar,712,6/27/2022
low sugar nut bar,725,6/27/2022
low sugar nut bar,911,6/29/2022
low sugar nut bar,561,6/29/2022
low sugar nut bar,506,6/30/2022
low sugar nut bar,436,7/1/2022
low sugar nut bar,457,7/2/2022
low sugar nut bar,822,7/3/2022
low sugar nut bar,678,7/3/2022
low sugar nut bar,703,7/5/2022
low sugar nut bar,252,7/5/2022
low sugar nut bar,517,7/10/2022
low sugar nut bar,185,7/12/2022
low sugar nut bar,678,7/14/2022
low sugar nut bar,492,7/15/2022
low sugar nut bar,863,7/17/2022
low sugar nut bar,462,7/20/2022
low sugar nut bar,29,7/22/2022
low sugar nut bar,750,7/23/2022
low sugar nut bar,92,7/25/2022
low sugar nut bar,313,7/27/2022
low sugar nut bar,552,7/28/2022
low sugar nut bar,539,7/30/2022
low sugar nut bar,476,7/30/2022
low sugar nut bar,11,7/31/2022
low sugar nut bar,320,8/1/2022
low sugar nut bar,732,8/2/2022
low sugar nut bar,553,8/3/2022
low sugar nut bar,661,8/5/2022
low sugar nut bar,856,8/6/2022
low sugar nut bar,410,8/7/2022
low sugar nut bar,629,8/9/2022
low sugar nut bar,915,8/9/2022
low sugar nut bar,130,8/10/2022
low sugar nut bar,528,8/10/2022
low sugar nut bar,126,8/11/2022
low sugar nut bar,811,8/12/2022
low sugar nut bar,393,8/15/2022
low sugar nut bar,252,8/17/2022
low sugar nut bar,452,8/17/2022
low sugar nut bar,93,8/18/2022
low sugar nut bar,120,8/20/2022
low sugar nut bar,556,8/20/2022
low sugar nut bar,742,8/21/2022
low sugar nut bar,772,8/29/2022
low sugar nut bar,486,9/5/2022
low sugar nut bar,443,9/9/2022
low sugar nut bar,611,9/10/2022
low sugar nut bar,813,9/10/2022
low sugar nut bar,381,9/10/2022
low sugar nut bar,364,9/11/2022
low sugar nut bar,383,9/11/2022
low sugar nut bar,667,9/14/2022
low sugar nut bar,69,9/14/2022
low sugar nut bar,340,9/17/2022
low sugar nut bar,927,9/19/2022
low sugar nut bar,476,9/19/2022
low sugar nut bar,674,9/20/2022
low sugar nut bar,995,9/21/2022
low sugar nut bar,191,9/22/2022
low sugar nut bar,840,9/24/2022
low sugar nut bar,463,9/28/2022
low sugar nut bar,358,9/29/2022
low sugar nut bar,2,9/30/2022
low sugar nut bar,641,10/2/2022
low sugar nut bar,687,10/6/2022
low sugar nut bar,855,10/7/2022
low sugar nut bar,150,10/12/2022
low sugar nut bar,845,10/14/2022
low sugar nut bar,953,10/16/2022
low sugar nut bar,302,10/19/2022
low sugar nut bar,274,10/21/2022
low sugar nut bar,919,10/22/2022
low sugar nut bar,145,10/22/2022
low sugar nut bar,529,10/24/2022
low sugar nut bar,338,10/25/2022
low sugar nut bar,341,10/27/2022
low sugar nut bar,682,10/27/2022
low sugar nut bar,983,10/31/2022
low sugar nut bar,513,10/31/2022
low sugar nut bar,815,11/1/2022
low sugar nut bar,683,11/5/2022
low sugar nut bar,842,11/7/2022
low sugar nut bar,236,11/8/2022
low sugar nut bar,818,11/12/2022
low sugar nut bar,386,11/12/2022
low sugar nut bar,319,11/16/2022
low sugar nut bar,427,11/27/2022
low sugar nut bar,420,11/29/2022
low sugar nut bar,171,11/29/2022
low sugar nut bar,665,11/30/2022
low sugar nut bar,893,12/2/2022
low sugar nut bar,10,12/4/2022
low sugar nut bar,624,12/6/2022
low sugar nut bar,885,12/7/2022
low sugar nut bar,201,12/9/2022
low sugar nut bar,717,12/11/2022
low sugar nut bar,376,12/11/2022
low sugar nut bar,17,12/23/2022
low sugar nut bar,13,12/23/2022
low sugar nut bar,242,12/23/2022
low sugar nut bar,898,12/25/2022
low sugar nut bar,476,12/30/2022
low sugar nut bar,77,12/31/2022
low sugar nut bar,873,12/31/2022
low sugar nut bar,710,12/31/2022
low sugar nut bar,979,1/2/2023
low sugar nut bar,117,1/3/2023
low sugar nut bar,604,1/8/2023
low sugar nut bar,921,1/8/2023
low sugar nut bar,169,1/11/2023
low sugar nut bar,964,1/15/2023
low sugar nut bar,980,1/15/2023
low sugar nut bar,975,1/17/2023
low sugar nut bar,441,1/18/2023
low sugar nut bar,457,1/19/2023
low sugar nut bar,880,1/20/2023
low sugar nut bar,635,1/23/2023
low sugar nut bar,38,1/27/2023
low sugar nut bar,667,1/30/2023
low sugar nut bar,386,2/5/2023
low sugar nut bar,146,2/5/2023
low sugar nut bar,122,2/7/2023
low sugar nut bar,469,2/8/2023
low sugar nut bar,99,2/8/2023
low sugar nut bar,589,2/10/2023
low sugar nut bar,971,2/18/2023
low sugar nut bar,271,2/20/2023
low sugar nut bar,981,2/21/2023
low sugar nut bar,420,2/21/2023
low sugar nut bar,896,3/1/2023
low sugar nut bar,881,3/1/2023
low sugar nut bar,105,3/1/2023
low sugar nut bar,231,3/7/2023
low sugar nut bar,208,3/8/2023
low sugar nut bar,684,3/9/2023
low sugar nut bar,210,3/10/2023
low sugar nut bar,384,3/12/2023
low sugar nut bar,910,3/13/2023
low sugar nut bar,360,3/17/2023
low sugar nut bar,177,3/18/2023
low sugar nut bar,348,3/18/2023
low sugar nut bar,204,3/19/2023
low sugar nut bar,369,3/19/2023
low sugar nut bar,139,3/20/2023
low sugar nut bar,304,3/20/2023
low sugar nut bar,331,3/21/2023
low sugar nut bar,767,3/23/2023
low sugar nut bar,693,3/30/2023
low sugar nut bar,222,4/2/2023
low sugar nut bar,835,4/3/2023
low sugar nut bar,400,4/11/2023
low sugar nut bar,269,4/11/2023
low sugar nut bar,888,4/14/2023
low sugar nut bar,215,4/18/2023
low sugar nut bar,828,4/22/2023
low sugar nut bar,965,4/22/2023
low sugar nut bar,981,4/24/2023
low sugar nut bar,892,4/24/2023
low sugar nut bar,790,4/27/2023
low sugar nut bar,22,4/30/2023
low sugar nut bar,369,4/30/2023
low sugar nut bar,420,5/1/2023
low sugar nut bar,245,5/2/2023
low sugar nut bar,887,5/6/2023
low sugar nut bar,326,5/10/2023
low sugar nut bar,44,5/14/2023
low sugar nut bar,994,5/15/2023
low sugar nut bar,820,5/16/2023
low sugar nut bar,110,5/18/2023
low sugar nut bar,980,5/19/2023
low sugar nut bar,906,5/20/2023
low sugar nut bar,448,5/21/2023
low sugar nut bar,149,5/22/2023
low sugar nut bar,733,5/24/2023
low sugar nut bar,86,5/25/2023
low sugar nut bar,375,5/27/2023
low sugar nut bar,876,5/31/2023
low sugar nut bar,796,6/4/2023
low sugar nut bar,183,6/5/2023
low sugar nut bar,311,6/9/2023
low sugar nut bar,980,6/11/2023
low sugar nut bar,766,6/11/2023
low sugar nut bar,266,6/11/2023
low sugar nut bar,993,6/13/2023
low sugar nut bar,984,6/14/2023
low sugar nut bar,805,6/17/2023
low sugar nut bar,253,6/19/2023
low sugar nut bar,475,6/26/2023
low sugar nut bar,65,6/27/2023
low sugar nut bar,866,6/28/2023
low sugar nut bar,759,7/2/2023
low sugar nut bar,100,7/5/2023
low sugar nut bar,682,7/7/2023
low sugar nut bar,744,7/8/2023
low sugar nut bar,353,7/10/2023
low sugar nut bar,3,7/12/2023
low sugar nut bar,357,7/16/2023
low sugar nut bar,902,7/17/2023
low sugar nut bar,509,7/18/2023
low sugar nut bar,789,7/21/2023
low sugar nut bar,730,7/22/2023
low sugar nut bar,464,7/22/2023
low sugar nut bar,2,7/26/2023
low sugar nut bar,879,7/29/2023
low sugar nut bar,457,7/29/2023
low sugar nut bar,465,7/31/2023
low sugar nut bar,842,8/1/2023
low sugar nut bar,757,8/1/2023
low sugar nut bar,974,8/3/2023
low sugar nut bar,342,8/4/2023
low sugar nut bar,772,8/5/2023
low sugar nut bar,324,8/6/2023
low sugar nut bar,482,8/9/2023
low sugar nut bar,677,8/10/2023
low sugar nut bar,189,8/10/2023
low sugar nut bar,642,8/11/2023
low sugar nut bar,380,8/12/2023
low sugar nut bar,220,8/14/2023
low sugar nut bar,301,8/17/2023
low sugar nut bar,932,8/23/2023
low sugar nut bar,835,8/24/2023
low sugar nut bar,88,8/26/2023
low sugar nut bar,477,8/26/2023
low sugar nut bar,253,8/27/2023
low sugar nut bar,280,8/28/2023
low sugar nut bar,30,8/29/2023
low sugar nut bar,316,8/31/2023
low sugar nut bar,381,9/1/2023
low sugar nut bar,721,9/3/2023
low sugar nut bar,681,9/4/2023
low sugar nut bar,331,9/5/2023
low sugar nut bar,177,9/7/2023
low sugar nut bar,66,9/10/2023
low sugar nut bar,306,9/11/2023
low sugar nut bar,173,9/12/2023
low sugar nut bar,406,9/16/2023
low sugar nut bar,574,9/17/2023
low sugar nut bar,94,9/18/2023
low sugar nut bar,116,9/22/2023
low sugar nut bar,589,9/23/2023
low sugar nut bar,492,9/24/2023
low sugar nut bar,188,9/24/2023
low sugar nut bar,692,9/25/2023
low sugar nut bar,395,9/26/2023
low sugar nut bar,625,9/26/2023
low sugar nut bar,215,9/30/2023
low sugar nut bar,780,10/1/2023
low sugar nut bar,923,10/1/2023
low sugar nut bar,679,10/3/2023
low sugar nut bar,88,10/4/2023
low sugar nut bar,285,10/7/2023
low sugar nut bar,637,10/8/2023
low sugar nut bar,383,10/9/2023
low sugar nut bar,276,10/9/2023
low sugar nut bar,339,10/12/2023
low sugar nut bar,398,10/17/2023
low sugar nut bar,824,10/17/2023
low sugar nut bar,423,10/20/2023
low sugar nut bar,740,10/21/2023
low sugar nut bar,277,10/22/2023
low sugar nut bar,957,10/26/2023
low sugar nut bar,56,10/28/2023
low sugar nut bar,371,10/31/2023
low sugar nut bar,74,11/1/2023
low sugar nut bar,664,11/9/2023
low sugar nut bar,112,11/11/2023
low sugar nut bar,672,11/11/2023
low sugar nut bar,527,11/12/2023
low sugar nut bar,498,11/13/2023
low sugar nut bar,625,11/14/2023
low sugar nut bar,964,11/15/2023
low sugar nut bar,887,11/16/2023
low sugar nut bar,157,11/17/2023
low sugar nut bar,117,11/20/2023
low sugar nut bar,940,11/21/2023
low sugar nut bar,58,11/21/2023
low sugar nut bar,704,11/27/2023
low sugar nut bar,726,11/30/2023
low sugar nut bar,331,11/30/2023
low sugar nut bar,22,12/4/2023
low sugar nut bar,428,12/4/2023
low sugar nut bar,143,12/7/2023
low sugar nut bar,981,12/7/2023
low sugar nut bar,867,12/10/2023
low sugar nut bar,910,12/10/2023
low sugar nut bar,43,12/14/2023
low sugar nut bar,1000,12/16/2023
low sugar nut bar,472,12/19/2023
low sugar nut bar,373,12/28/2023
low sugar nut bar,442,12/28/2023
low sugar nut bar,768,12/29/2023
low sugar nut bar,106,12/30/2023
low sugar nut bar,967,12/31/2023
low sugar nut bar,417,1/4/2024
low sugar nut bar,315,1/4/2024
low sugar nut bar,714,1/7/2024
low sugar nut bar,619,1/9/2024
low sugar nut bar,553,1/12/2024
low sugar nut bar,876,1/14/2024
low sugar nut bar,505,1/15/2024
low sugar nut bar,650,1/17/2024
low sugar nut bar,681,1/17/2024
low sugar nut bar,284,1/19/2024
low sugar nut bar,907,1/19/2024
low sugar nut bar,50,1/19/2024
low sugar nut bar,80,1/20/2024
low sugar nut bar,674,1/21/2024
low sugar nut bar,906,1/22/2024
low sugar nut bar,472,1/27/2024
low sugar nut bar,582,1/31/2024
low sugar nut bar,966,1/31/2024
low sugar nut bar,423,2/1/2024
low sugar nut bar,70,2/2/2024
low sugar nut bar,739,2/2/2024
low sugar nut bar,577,2/7/2024
low sugar nut bar,609,2/10/2024
low sugar nut bar,684,2/11/2024
low sugar nut bar,39,2/12/2024
low sugar nut bar,265,2/16/2024
low sugar nut bar,118,2/16/2024
low sugar nut bar,819,2/17/2024
low sugar nut bar,472,2/17/2024
low sugar nut bar,918,2/18/2024
low sugar nut bar,295,2/21/2024
low sugar nut bar,799,2/21/2024
low sugar nut bar,992,2/24/2024
low sugar nut bar,910,2/26/2024
low sugar nut bar,405,2/28/2024
low sugar nut bar,480,2/29/2024
low sugar nut bar,16,3/1/2024
low sugar nut bar,704,3/8/2024
low sugar nut bar,716,3/8/2024
low sugar nut bar,74,3/12/2024
low sugar nut bar,295,3/13/2024
low sugar nut bar,823,3/13/2024
low sugar nut bar,796,3/14/2024
low sugar nut bar,703,3/14/2024
low sugar nut bar,297,3/21/2024
low sugar nut bar,70,3/21/2024
low sugar nut bar,656,3/22/2024
low sugar nut bar,529,3/23/2024
low sugar nut bar,945,3/23/2024
low sugar nut bar,260,3/23/2024
low sugar nut bar,910,3/24/2024
low sugar nut bar,131,3/25/2024
low sugar nut bar,20,3/28/2024
low sugar nut bar,964,3/28/2024
low sugar nut bar,320,3/31/2024
low sugar nut bar,490,4/1/2024
low sugar nut bar,103,4/1/2024
low sugar nut bar,905,4/4/2024
low sugar nut bar,795,4/5/2024
low sugar nut bar,345,4/6/2024
low sugar nut bar,339,4/7/2024
low sugar nut bar,931,4/9/2024
low sugar nut bar,357,4/14/2024
low sugar nut bar,118,4/14/2024
low sugar nut bar,665,4/16/2024
low sugar nut bar,506,4/18/2024
low sugar nut bar,473,4/20/2024
low sugar nut bar,991,4/24/2024
low sugar nut bar,849,4/26/2024
low sugar nut bar,120,4/27/2024
low sugar nut bar,887,4/27/2024
low sugar nut bar,493,5/2/2024
low sugar nut bar,887,5/4/2024
low sugar nut bar,476,5/4/2024
low sugar nut bar,88,5/5/2024
low sugar nut bar,976,5/8/2024
low sugar nut bar,750,5/8/2024
low sugar nut bar,655,5/8/2024
low sugar nut bar,927,5/11/2024
low sugar nut bar,890,5/15/2024
low sugar nut bar,87,5/15/2024
low sugar nut bar,479,5/16/2024
low sugar nut bar,894,5/17/2024
low sugar nut bar,332,5/18/2024
low sugar nut bar,706,5/19/2024
low sugar nut bar,888,5/21/2024
low sugar nut bar,17,5/23/2024
low sugar nut bar,825,5/26/2024
low sugar nut bar,195,6/3/2024
low sugar nut bar,754,6/4/2024
low sugar nut bar,975,6/7/2024
low sugar nut bar,109,6/8/2024
low sugar nut bar,487,6/9/2024
low sugar nut bar,389,6/10/2024
low sugar nut bar,492,6/10/2024
low sugar nut bar,963,6/11/2024
low sugar nut bar,960,6/14/2024
low sugar nut bar,842,6/16/2024
low sugar nut bar,828,6/16/2024
low sugar nut bar,500,6/27/2024
low sugar nut bar,501,6/28/2024
low sugar nut bar,229,7/3/2024
low sugar nut bar,946,7/4/2024
low sugar nut bar,548,7/10/2024
low sugar nut bar,753,7/11/2024
low sugar nut bar,790,7/13/2024
low sugar nut bar,179,7/15/2024
low sugar nut bar,350,7/17/2024
low sugar nut bar,358,7/17/2024
low sugar nut bar,214,7/18/2024
low sugar nut bar,447,7/19/2024
low sugar nut bar,959,7/24/2024
low sugar nut bar,537,7/25/2024
low sugar nut bar,126,7/25/2024
low sugar nut bar,651,7/28/2024
low sugar nut bar,139,8/1/2024
low sugar nut bar,586,8/5/2024
low sugar nut bar,118,8/7/2024
low sugar nut bar,408,8/9/2024
low sugar nut bar,179,8/10/2024
low sugar nut bar,164,8/11/2024
low sugar nut bar,923,8/14/2024
low sugar nut bar,940,8/14/2024
low sugar nut bar,563,8/14/2024
low sugar nut bar,527,8/16/2024
low sugar nut bar,10,8/22/2024
low sugar nut bar,239,8/23/2024
low sugar nut bar,124,8/24/2024
low sugar nut bar,239,8/24/2024
low sugar nut bar,424,8/25/2024
low sugar nut bar,682,8/27/2024
low sugar nut bar,625,8/27/2024
low sugar nut bar,129,8/27/2024
low sugar nut bar,853,8/28/2024
low sugar nut bar,320,8/29/2024
low sugar nut bar,342,8/31/2024
low sugar nut bar,218,8/31/2024
low sugar nut bar,770,9/2/2024
low sugar nut bar,464,9/8/2024
low sugar nut bar,59,9/12/2024
low sugar nut bar,824,9/12/2024
low sugar nut bar,802,9/13/2024
low sugar nut bar,191,9/14/2024
low sugar nut bar,542,9/15/2024
low sugar nut bar,351,9/17/2024
low sugar nut bar,628,9/22/2024
low sugar nut bar,144,9/22/2024
low sugar nut bar,139,9/26/2024
low sugar nut bar,284,9/27/2024
low sugar nut bar,211,9/28/2024
low sugar nut bar,293,9/29/2024
low sugar nut bar,941,10/5/2024
low sugar nut bar,877,10/7/2024
low sugar nut bar,695,10/8/2024
low sugar nut bar,598,10/9/2024
low sugar nut bar,758,10/10/2024
low sugar nut bar,42,10/10/2024
low sugar nut bar,206,10/13/2024
low sugar nut bar,296,10/15/2024
low sugar nut bar,930,10/18/2024
low sugar nut bar,134,10/19/2024
low sugar nut bar,206,10/20/2024
low sugar nut bar,469,10/21/2024
low sugar nut bar,241,10/23/2024
low sugar nut bar,502,10/27/2024
low sugar nut bar,674,10/31/2024
low sugar nut bar,664,11/4/2024
low sugar nut bar,878,11/9/2024
low sugar nut bar,729,11/10/2024
low sugar nut bar,518,11/12/2024
low sugar nut bar,8,11/13/2024
low sugar nut bar,830,11/15/2024
low sugar nut bar,972,11/18/2024
low sugar nut bar,296,11/19/2024
low sugar nut bar,503,11/19/2024
low sugar nut bar,834,11/21/2024
low sugar nut bar,901,11/24/2024
low sugar nut bar,817,11/27/2024
low sugar nut bar,120,11/27/2024
low sugar nut bar,271,11/29/2024
low sugar nut bar,704,11/30/2024
low sugar nut bar,996,12/2/2024
low sugar nut bar,316,12/5/2024
low sugar nut bar,323,12/14/2024
low sugar nut bar,101,12/15/2024
low sugar nut bar,324,12/15/2024
low sugar nut bar,731,12/16/2024
low sugar nut bar,294,12/20/2024
low sugar nut bar,602,12/21/2024
low sugar nut bar,397,12/23/2024
low sugar nut bar,67,12/23/2024
low sugar nut bar,4,12/24/2024
low sugar nut bar,66,12/26/2024
low sugar nut bar,388,12/31/2024
low sugar nut bar,308,1/2/2025
low sugar nut bar,291,1/2/2025
low sugar nut bar,242,1/3/2025
low sugar nut bar,944,1/4/2025
low sugar nut bar,23,1/4/2025
low sugar nut bar,876,1/7/2025
low sugar nut bar,842,1/13/2025
low sugar nut bar,884,1/14/2025
low sugar nut bar,327,1/14/2025
low sugar nut bar,304,1/14/2025
low sugar nut bar,537,1/15/2025
low sugar nut bar,548,1/19/2025
low sugar nut bar,174,1/21/2025
low sugar nut bar,950,1/22/2025
low sugar nut bar,685,2/4/2025
low sugar nut bar,504,2/6/2025
low sugar nut bar,45,2/7/2025
low sugar nut bar,94,2/11/2025
low sugar nut bar,656,2/11/2025
low sugar nut bar,953,2/12/2025
low sugar nut bar,87,2/13/2025
low sugar nut bar,977,2/20/2025
low sugar nut bar,853,2/20/2025
low sugar nut bar,394,2/22/2025
low sugar nut bar,322,2/23/2025
low sugar nut bar,308,2/23/2025
low sugar nut bar,156,2/23/2025
low sugar nut bar,675,2/24/2025
low sugar nut bar,1,2/25/2025
low sugar nut bar,3,2/27/2025
low sugar nut bar,953,2/28/2025
low sugar nut bar,32,3/1/2025
low sugar nut bar,909,3/7/2025
low sugar nut bar,436,3/10/2025
low sugar nut bar,768,3/10/2025
low sugar nut bar,301,3/10/2025
low sugar nut bar,941,3/11/2025
low sugar nut bar,320,3/19/2025
low sugar nut bar,149,3/20/2025
low sugar nut bar,663,3/21/2025
low sugar nut bar,286,3/21/2025
low sugar nut bar,622,3/23/2025
low sugar nut bar,191,3/23/2025
low sugar nut bar,120,3/24/2025
low sugar nut bar,851,3/29/2025
low sugar nut bar,628,3/30/2025
low sugar nut bar,416,4/1/2025
low sugar nut bar,461,4/1/2025
low sugar nut bar,13,4/4/2025
low sugar nut bar,781,4/4/2025
low sugar nut bar,829,4/5/2025
low sugar nut bar,170,4/9/2025
low sugar nut bar,599,4/11/2025
low sugar nut bar,825,4/12/2025
low sugar nut bar,659,4/13/2025
low sugar nut bar,450,4/14/2025
low sugar nut bar,803,4/14/2025
low sugar nut bar,51,4/20/2025
low sugar nut bar,759,4/20/2025
low sugar nut bar,536,4/22/2025
low sugar nut bar,538,4/23/2025
low sugar nut bar,13,4/24/2025
low sugar nut bar,656,4/28/2025
low sugar nut bar,515,4/30/2025
low sugar nut bar,825,5/1/2025
low sugar nut bar,255,5/2/2025
low sugar nut bar,781,5/5/2025
low sugar nut bar,512,5/9/2025
low sugar nut bar,210,5/22/2025
low sugar nut bar,80,5/25/2025
low sugar nut bar,116,5/25/2025
low sugar nut bar,915,5/25/2025
low sugar nut bar,4,5/26/2025
low sugar nut bar,922,5/27/2025
low sugar nut bar,895,6/1/2025
low sugar nut bar,349,6/3/2025
low sugar nut bar,23,6/4/2025
low sugar nut bar,317,6/5/2025
low sugar nut bar,295,6/6/2025
low sugar nut bar,480,6/7/2025
low sugar nut bar,442,6/8/2025
low sugar nut bar,663,6/9/2025
low sugar nut bar,935,6/10/2025
low sugar nut bar,875,6/11/2025
low sugar nut bar,386,6/15/2025
low sugar nut bar,507,6/15/2025
low sugar nut bar,969,6/17/2025
low sugar nut bar,633,6/18/2025
low sugar nut bar,391,6/18/2025
low sugar nut bar,94,6/19/2025
low sugar nut bar,492,6/19/2025
low sugar nut bar,68,6/21/2025
low sugar nut bar,32,6/23/2025
low sugar nut bar,148,6/25/2025
low sugar nut bar,323,6/27/2025
low sugar nut bar,819,7/4/2025
low sugar nut bar,20,7/4/2025
low sugar nut bar,129,7/5/2025
low sugar nut bar,236,7/6/2025
low sugar nut bar,761,7/6/2025
low sugar nut bar,403,7/9/2025
low sugar nut bar,979,7/9/2025
low sugar nut bar,430,7/10/2025
low sugar nut bar,570,7/11/2025
low sugar nut bar,828,7/13/2025
low sugar nut bar,66,7/14/2025
low sugar nut bar,232,7/15/2025
low sugar nut bar,202,7/16/2025
low sugar nut bar,123,7/16/2025
low sugar nut bar,203,7/18/2025
low sugar nut bar,42,7/19/2025
low sugar nut bar,754,7/20/2025
low sugar nut bar,364,7/20/2025
low sugar nut bar,637,7/20/2025
low sugar nut bar,301,7/22/2025
low sugar nut bar,291,7/26/2025
low sugar nut bar,515,7/26/2025
low sugar nut bar,580,7/28/2025
low sugar nut bar,662,7/31/2025
low sugar nut bar,309,7/31/2025
low sugar nut bar,692,8/5/2025
low sugar nut bar,215,8/8/2025
low sugar nut bar,538,8/9/2025
low sugar nut bar,248,8/10/2025
low sugar nut bar,783,8/11/2025
low sugar nut bar,554,8/12/2025
low sugar nut bar,369,8/16/2025
low sugar nut bar,740,8/18/2025
low sugar nut bar,335,8/19/2025
low sugar nut bar,7,8/22/2025
low sugar nut bar,312,8/22/2025
low sugar nut bar,125,8/25/2025
low sugar nut bar,721,8/26/2025
low sugar nut bar,673,8/26/2025
low sugar nut bar,71,8/26/2025
low sugar nut bar,439,8/26/2025
low sugar nut bar,874,8/27/2025
low sugar nut bar,629,8/29/2025
low sugar nut bar,47,8/31/2025
low sugar nut bar,564,9/1/2025
low sugar nut bar,977,9/3/2025
low sugar nut bar,414,9/3/2025
low sugar nut bar,846,9/4/2025
low sugar nut bar,20,9/10/2025
low sugar nut bar,991,9/11/2025
low sugar nut bar,697,9/13/2025
low sugar nut bar,924,9/14/2025
low sugar nut bar,825,9/14/2025
low sugar nut bar,556,9/15/2025
low sugar nut bar,174,9/21/2025
low sugar nut bar,981,9/23/2025
low sugar nut bar,983,9/23/2025
low sugar nut bar,124,9/24/2025
low sugar nut bar,539,9/24/2025
low sugar nut bar,381,9/27/2025
low sugar nut bar,810,9/29/2025
low sugar nut bar,822,10/1/2025
low sugar nut bar,60,10/5/2025
low sugar nut bar,815,10/9/2025
low sugar nut bar,777,10/11/2025
low sugar nut bar,848,10/12/2025
low sugar nut bar,368,10/13/2025
low sugar nut bar,674,10/13/2025
low sugar nut bar,552,10/17/2025
low sugar nut bar,892,10/19/2025
low sugar nut bar,244,10/22/2025
low sugar nut bar,111,10/23/2025
low sugar nut bar,732,10/24/2025
low sugar nut bar,722,10/25/2025
low sugar nut bar,422,10/27/2025
low sugar nut bar,29,10/28/2025
low sugar nut bar,296,11/1/2025
low sugar nut bar,409,11/1/2025
low sugar nut bar,834,11/7/2025
low sugar nut bar,408,11/9/2025
low sugar nut bar,865,11/10/2025
low sugar nut bar,289,11/10/2025
low sugar nut bar,439,11/10/2025
low sugar nut bar,205,11/12/2025
low sugar nut bar,216,11/13/2025
low sugar nut bar,681,11/16/2025
low sugar nut bar,833,11/16/2025
low sugar nut bar,35,11/17/2025
low sugar nut bar,206,11/17/2025
low sugar nut bar,711,11/19/2025
low sugar nut bar,294,11/22/2025
low sugar nut bar,719,11/22/2025
low sugar nut bar,193,11/22/2025
low sugar nut bar,637,11/24/2025
low sugar nut bar,761,11/25/2025
low sugar nut bar,389,11/29/2025
low sugar nut bar,309,11/30/2025
low sugar nut bar,704,12/1/2025
low sugar nut bar,762,12/7/2025
low sugar nut bar,975,12/8/2025
low sugar nut bar,721,12/8/2025
low sugar nut bar,117,12/9/2025
low sugar nut bar,623,12/13/2025
low sugar nut bar,329,12/13/2025
low sugar nut bar,159,12/16/2025
low sugar nut bar,696,12/16/2025
low sugar nut bar,958,12/18/2025
low sugar nut bar,464,12/19/2025
low sugar nut bar,796,12/21/2025
low sugar nut bar,586,12/21/2025
low sugar nut bar,704,12/22/2025
low sugar nut bar,313,12/25/2025
low sugar nut bar,820,12/26/2025
low sugar nut bar,772,12/27/2025
low sugar nut bar,283,12/28/2025
low sugar nut bar,70,12/31/2025
low sugar nut bar,62,1/2/2026
low sugar nut bar,606,1/4/2026
low sugar nut bar,839,1/4/2026
low sugar nut bar,805,1/9/2026
low sugar nut bar,979,1/11/2026
low sugar nut bar,659,1/16/2026
low sugar nut bar,172,1/17/2026
low sugar nut bar,209,1/19/2026
low sugar nut bar,273,1/19/2026
low sugar nut bar,72,1/20/2026
low sugar nut bar,965,1/21/2026
low sugar nut bar,499,1/23/2026
low sugar nut bar,984,1/24/2026
low sugar nut bar,691,1/27/2026
low sugar nut bar,130,1/27/2026
low sugar nut bar,740,1/28/2026
low sugar nut bar,791,1/30/2026
low sugar nut bar,857,2/3/2026
low sugar nut bar,551,2/7/2026
low sugar nut bar,370,2/9/2026
low sugar nut bar,632,2/9/2026
low sugar nut bar,909,2/12/2026
low sugar nut bar,655,2/16/2026
low sugar nut bar,641,2/17/2026
low sugar nut bar,268,2/19/2026
low sugar nut bar,68,2/21/2026
low sugar nut bar,948,2/25/2026
low sugar nut bar,216,2/25/2026
low sugar nut bar,22,2/28/2026
low sugar nut bar,896,3/1/2026
low sugar nut bar,186,3/1/2026
low sugar nut bar,473,3/4/2026
low sugar nut bar,883,3/9/2026
low sugar nut bar,862,3/10/2026
low sugar nut bar,727,3/10/2026
low sugar nut bar,602,3/12/2026
low sugar nut bar,588,3/15/2026
low sugar nut bar,590,3/16/2026
low sugar nut bar,551,3/16/2026
low sugar nut bar,633,3/19/2026
low sugar nut bar,627,3/19/2026
low sugar nut bar,657,3/21/2026
chocolate nutrition bites,607,3/5/2021
chocolate nutrition bites,807,3/6/2021
chocolate nutrition bites,597,3/7/2021
chocolate nutrition bites,897,3/8/2021
chocolate nutrition bites,344,3/12/2021
chocolate nutrition bites,255,3/12/2021
chocolate nutrition bites,892,3/12/2021
chocolate nutrition bites,688,3/13/2021
chocolate nutrition bites,60,3/13/2021
chocolate nutrition bites,822,3/13/2021
chocolate nutrition bites,628,3/14/2021
chocolate nutrition bites,858,3/14/2021
chocolate nutrition bites,325,3/21/2021
chocolate nutrition bites,748,3/22/2021
chocolate nutrition bites,579,3/23/2021
chocolate nutrition bites,179,3/23/2021
chocolate nutrition bites,731,3/26/2021
chocolate nutrition bites,217,3/30/2021
chocolate nutrition bites,71,4/1/2021
chocolate nutrition bites,943,4/1/2021
chocolate nutrition bites,452,4/3/2021
chocolate nutrition bites,607,4/4/2021
chocolate nutrition bites,859,4/6/2021
chocolate nutrition bites,469,4/8/2021
chocolate nutrition bites,678,4/10/2021
chocolate nutrition bites,713,4/12/2021
chocolate nutrition bites,440,4/14/2021
chocolate nutrition bites,84,4/16/2021
chocolate nutrition bites,200,4/17/2021
chocolate nutrition bites,996,4/18/2021
chocolate nutrition bites,312,4/19/2021
chocolate nutrition bites,862,4/21/2021
chocolate nutrition bites,855,4/22/2021
chocolate nutrition bites,590,4/22/2021
chocolate nutrition bites,759,4/23/2021
chocolate nutrition bites,296,4/26/2021
chocolate nutrition bites,830,4/28/2021
chocolate nutrition bites,745,5/4/2021
chocolate nutrition bites,401,5/6/2021
chocolate nutrition bites,743,5/8/2021
chocolate nutrition bites,660,5/8/2021
chocolate nutrition bites,923,5/11/2021
chocolate nutrition bites,969,5/12/2021
chocolate nutrition bites,662,5/13/2021
chocolate nutrition bites,801,5/15/2021
chocolate nutrition bites,280,5/15/2021
chocolate nutrition bites,383,5/16/2021
chocolate nutrition bites,693,5/17/2021
chocolate nutrition bites,158,5/19/2021
chocolate nutrition bites,772,5/20/2021
chocolate nutrition bites,575,5/24/2021
chocolate nutrition bites,198,5/25/2021
chocolate nutrition bites,520,5/28/2021
chocolate nutrition bites,113,5/28/2021
chocolate nutrition bites,422,5/30/2021
chocolate nutrition bites,120,6/2/2021
chocolate nutrition bites,844,6/2/2021
chocolate nutrition bites,545,6/5/2021
chocolate nutrition bites,427,6/9/2021
chocolate nutrition bites,796,6/10/2021
chocolate nutrition bites,335,6/11/2021
chocolate nutrition bites,268,6/12/2021
chocolate nutrition bites,615,6/12/2021
chocolate nutrition bites,877,6/15/2021
chocolate nutrition bites,303,6/16/2021
chocolate nutrition bites,321,6/18/2021
chocolate nutrition bites,727,6/18/2021
chocolate nutrition bites,757,6/22/2021
chocolate nutrition bites,673,6/25/2021
chocolate nutrition bites,690,6/27/2021
chocolate nutrition bites,954,6/27/2021
chocolate nutrition bites,465,7/1/2021
chocolate nutrition bites,997,7/4/2021
chocolate nutrition bites,917,7/4/2021
chocolate nutrition bites,444,7/7/2021
chocolate nutrition bites,910,7/9/2021
chocolate nutrition bites,334,7/13/2021
chocolate nutrition bites,555,7/15/2021
chocolate nutrition bites,57,7/16/2021
chocolate nutrition bites,898,7/20/2021
chocolate nutrition bites,784,7/21/2021
chocolate nutrition bites,184,7/21/2021
chocolate nutrition bites,306,7/22/2021
chocolate nutrition bites,37,7/22/2021
chocolate nutrition bites,339,7/22/2021
chocolate nutrition bites,400,7/26/2021
chocolate nutrition bites,325,7/30/2021
chocolate nutrition bites,289,7/30/2021
chocolate nutrition bites,362,7/31/2021
chocolate nutrition bites,13,8/2/2021
chocolate nutrition bites,162,8/4/2021
chocolate nutrition bites,475,8/5/2021
chocolate nutrition bites,138,8/7/2021
chocolate nutrition bites,725,8/8/2021
chocolate nutrition bites,367,8/9/2021
chocolate nutrition bites,197,8/10/2021
chocolate nutrition bites,899,8/13/2021
chocolate nutrition bites,190,8/14/2021
chocolate nutrition bites,351,8/15/2021
chocolate nutrition bites,215,8/18/2021
chocolate nutrition bites,618,8/21/2021
chocolate nutrition bites,384,8/22/2021
chocolate nutrition bites,960,8/25/2021
chocolate nutrition bites,203,8/26/2021
chocolate nutrition bites,656,8/26/2021
chocolate nutrition bites,481,8/27/2021
chocolate nutrition bites,167,8/29/2021
chocolate nutrition bites,940,8/29/2021
chocolate nutrition bites,133,8/30/2021
chocolate nutrition bites,745,9/6/2021
chocolate nutrition bites,324,9/9/2021
chocolate nutrition bites,203,9/9/2021
chocolate nutrition bites,898,9/10/2021
chocolate nutrition bites,569,9/10/2021
chocolate nutrition bites,712,9/14/2021
chocolate nutrition bites,921,9/14/2021
chocolate nutrition bites,825,9/14/2021
chocolate nutrition bites,900,9/15/2021
chocolate nutrition bites,96,9/15/2021
chocolate nutrition bites,878,9/17/2021
chocolate nutrition bites,123,9/22/2021
chocolate nutrition bites,485,9/22/2021
chocolate nutrition bites,142,9/24/2021
chocolate nutrition bites,863,9/29/2021
chocolate nutrition bites,908,9/29/2021
chocolate nutrition bites,790,10/1/2021
chocolate nutrition bites,42,10/1/2021
chocolate nutrition bites,692,10/2/2021
chocolate nutrition bites,78,10/2/2021
chocolate nutrition bites,414,10/5/2021
chocolate nutrition bites,339,10/6/2021
chocolate nutrition bites,938,10/14/2021
chocolate nutrition bites,171,10/15/2021
chocolate nutrition bites,84,10/17/2021
chocolate nutrition bites,801,10/20/2021
chocolate nutrition bites,720,10/20/2021
chocolate nutrition bites,681,10/20/2021
chocolate nutrition bites,592,10/25/2021
chocolate nutrition bites,267,10/27/2021
chocolate nutrition bites,463,10/27/2021
chocolate nutrition bites,674,10/27/2021
chocolate nutrition bites,626,10/28/2021
chocolate nutrition bites,792,10/30/2021
chocolate nutrition bites,345,11/1/2021
chocolate nutrition bites,850,11/2/2021
chocolate nutrition bites,163,11/2/2021
chocolate nutrition bites,829,11/2/2021
chocolate nutrition bites,183,11/3/2021
chocolate nutrition bites,726,11/4/2021
chocolate nutrition bites,111,11/5/2021
chocolate nutrition bites,969,11/8/2021
chocolate nutrition bites,244,11/10/2021
chocolate nutrition bites,854,11/18/2021
chocolate nutrition bites,826,11/21/2021
chocolate nutrition bites,57,11/21/2021
chocolate nutrition bites,602,11/22/2021
chocolate nutrition bites,126,11/23/2021
chocolate nutrition bites,646,11/27/2021
chocolate nutrition bites,537,11/28/2021
chocolate nutrition bites,565,11/30/2021
chocolate nutrition bites,425,12/1/2021
chocolate nutrition bites,6,12/2/2021
chocolate nutrition bites,586,12/4/2021
chocolate nutrition bites,101,12/5/2021
chocolate nutrition bites,514,12/6/2021
chocolate nutrition bites,187,12/17/2021
chocolate nutrition bites,629,12/17/2021
chocolate nutrition bites,233,12/20/2021
chocolate nutrition bites,124,12/21/2021
chocolate nutrition bites,610,12/23/2021
chocolate nutrition bites,765,12/23/2021
chocolate nutrition bites,721,12/23/2021
chocolate nutrition bites,85,12/25/2021
chocolate nutrition bites,339,12/29/2021
chocolate nutrition bites,164,12/29/2021
chocolate nutrition bites,366,12/30/2021
chocolate nutrition bites,502,12/31/2021
chocolate nutrition bites,845,1/5/2022
chocolate nutrition bites,453,1/6/2022
chocolate nutrition bites,773,1/14/2022
chocolate nutrition bites,718,1/15/2022
chocolate nutrition bites,994,1/16/2022
chocolate nutrition bites,525,1/20/2022
chocolate nutrition bites,815,1/27/2022
chocolate nutrition bites,26,1/28/2022
chocolate nutrition bites,286,2/1/2022
chocolate nutrition bites,330,2/7/2022
chocolate nutrition bites,166,2/12/2022
chocolate nutrition bites,51,2/12/2022
chocolate nutrition bites,414,2/14/2022
chocolate nutrition bites,789,2/17/2022
chocolate nutrition bites,390,2/18/2022
chocolate nutrition bites,535,2/20/2022
chocolate nutrition bites,135,2/23/2022
chocolate nutrition bites,358,2/27/2022
chocolate nutrition bites,62,2/27/2022
chocolate nutrition bites,922,3/1/2022
chocolate nutrition bites,868,3/1/2022
chocolate nutrition bites,97,3/2/2022
chocolate nutrition bites,219,3/3/2022
chocolate nutrition bites,802,3/3/2022
chocolate nutrition bites,184,3/4/2022
chocolate nutrition bites,917,3/8/2022
chocolate nutrition bites,878,3/9/2022
chocolate nutrition bites,622,3/11/2022
chocolate nutrition bites,332,3/12/2022
chocolate nutrition bites,895,3/15/2022
chocolate nutrition bites,187,3/16/2022
chocolate nutrition bites,46,3/16/2022
chocolate nutrition bites,395,3/20/2022
chocolate nutrition bites,147,3/22/2022
chocolate nutrition bites,37,3/31/2022
chocolate nutrition bites,857,4/9/2022
chocolate nutrition bites,66,4/13/2022
chocolate nutrition bites,995,4/14/2022
chocolate nutrition bites,399,4/22/2022
chocolate nutrition bites,943,4/22/2022
chocolate nutrition bites,493,4/22/2022
chocolate nutrition bites,596,4/23/2022
chocolate nutrition bites,823,4/23/2022
chocolate nutrition bites,821,4/24/2022
chocolate nutrition bites,902,4/25/2022
chocolate nutrition bites,576,4/26/2022
chocolate nutrition bites,170,4/27/2022
chocolate nutrition bites,614,4/27/2022
chocolate nutrition bites,894,5/1/2022
chocolate nutrition bites,517,5/1/2022
chocolate nutrition bites,90,5/3/2022
chocolate nutrition bites,578,5/7/2022
chocolate nutrition bites,201,5/9/2022
chocolate nutrition bites,891,5/9/2022
chocolate nutrition bites,991,5/9/2022
chocolate nutrition bites,50,5/9/2022
chocolate nutrition bites,143,5/14/2022
chocolate nutrition bites,855,5/16/2022
chocolate nutrition bites,910,5/16/2022
chocolate nutrition bites,474,5/19/2022
chocolate nutrition bites,42,5/21/2022
chocolate nutrition bites,704,5/22/2022
chocolate nutrition bites,729,5/23/2022
chocolate nutrition bites,50,5/23/2022
chocolate nutrition bites,343,5/25/2022
chocolate nutrition bites,590,5/26/2022
chocolate nutrition bites,253,5/28/2022
chocolate nutrition bites,285,5/31/2022
chocolate nutrition bites,132,5/31/2022
chocolate nutrition bites,704,6/1/2022
chocolate nutrition bites,317,6/1/2022
chocolate nutrition bites,991,6/3/2022
chocolate nutrition bites,980,6/4/2022
chocolate nutrition bites,135,6/8/2022
chocolate nutrition bites,130,6/9/2022
chocolate nutrition bites,343,6/12/2022
chocolate nutrition bites,201,6/16/2022
chocolate nutrition bites,445,6/17/2022
chocolate nutrition bites,397,6/23/2022
chocolate nutrition bites,620,6/24/2022
chocolate nutrition bites,806,6/25/2022
chocolate nutrition bites,313,6/26/2022
chocolate nutrition bites,17,6/29/2022
chocolate nutrition bites,985,6/30/2022
chocolate nutrition bites,578,7/4/2022
chocolate nutrition bites,612,7/10/2022
chocolate nutrition bites,247,7/11/2022
chocolate nutrition bites,432,7/12/2022
chocolate nutrition bites,937,7/13/2022
chocolate nutrition bites,214,7/13/2022
chocolate nutrition bites,427,7/18/2022
chocolate nutrition bites,323,7/20/2022
chocolate nutrition bites,267,7/22/2022
chocolate nutrition bites,771,7/23/2022
chocolate nutrition bites,112,7/26/2022
chocolate nutrition bites,565,7/26/2022
chocolate nutrition bites,991,7/27/2022
chocolate nutrition bites,908,7/27/2022
chocolate nutrition bites,63,8/1/2022
chocolate nutrition bites,620,8/4/2022
chocolate nutrition bites,539,8/5/2022
chocolate nutrition bites,428,8/5/2022
chocolate nutrition bites,435,8/7/2022
chocolate nutrition bites,43,8/14/2022
chocolate nutrition bites,466,8/15/2022
chocolate nutrition bites,957,8/16/2022
chocolate nutrition bites,324,8/17/2022
chocolate nutrition bites,346,8/17/2022
chocolate nutrition bites,368,8/19/2022
chocolate nutrition bites,966,8/20/2022
chocolate nutrition bites,333,8/23/2022
chocolate nutrition bites,208,8/25/2022
chocolate nutrition bites,232,8/26/2022
chocolate nutrition bites,821,8/27/2022
chocolate nutrition bites,50,8/27/2022
chocolate nutrition bites,867,8/29/2022
chocolate nutrition bites,155,8/29/2022
chocolate nutrition bites,577,9/4/2022
chocolate nutrition bites,494,9/4/2022
chocolate nutrition bites,531,9/5/2022
chocolate nutrition bites,521,9/6/2022
chocolate nutrition bites,189,9/8/2022
chocolate nutrition bites,267,9/10/2022
chocolate nutrition bites,73,9/12/2022
chocolate nutrition bites,45,9/12/2022
chocolate nutrition bites,47,9/12/2022
chocolate nutrition bites,423,9/13/2022
chocolate nutrition bites,536,9/16/2022
chocolate nutrition bites,45,9/17/2022
chocolate nutrition bites,756,9/18/2022
chocolate nutrition bites,109,9/19/2022
chocolate nutrition bites,689,9/23/2022
chocolate nutrition bites,630,9/23/2022
chocolate nutrition bites,716,9/25/2022
chocolate nutrition bites,51,9/25/2022
chocolate nutrition bites,767,9/25/2022
chocolate nutrition bites,256,9/27/2022
chocolate nutrition bites,202,9/27/2022
chocolate nutrition bites,655,9/28/2022
chocolate nutrition bites,615,10/1/2022
chocolate nutrition bites,802,10/3/2022
chocolate nutrition bites,858,10/3/2022
chocolate nutrition bites,145,10/4/2022
chocolate nutrition bites,449,10/5/2022
chocolate nutrition bites,108,10/7/2022
chocolate nutrition bites,374,10/12/2022
chocolate nutrition bites,85,10/14/2022
chocolate nutrition bites,610,10/16/2022
chocolate nutrition bites,507,10/21/2022
chocolate nutrition bites,776,10/21/2022
chocolate nutrition bites,673,10/23/2022
chocolate nutrition bites,905,10/25/2022
chocolate nutrition bites,638,10/26/2022
chocolate nutrition bites,513,10/28/2022
chocolate nutrition bites,941,11/1/2022
chocolate nutrition bites,95,11/1/2022
chocolate nutrition bites,176,11/2/2022
chocolate nutrition bites,660,11/2/2022
chocolate nutrition bites,950,11/2/2022
chocolate nutrition bites,60,11/4/2022
chocolate nutrition bites,771,11/5/2022
chocolate nutrition bites,806,11/6/2022
chocolate nutrition bites,722,11/8/2022
chocolate nutrition bites,813,11/8/2022
chocolate nutrition bites,259,11/9/2022
chocolate nutrition bites,364,11/14/2022
chocolate nutrition bites,423,11/17/2022
chocolate nutrition bites,474,11/17/2022
chocolate nutrition bites,967,11/18/2022
chocolate nutrition bites,373,11/23/2022
chocolate nutrition bites,685,11/23/2022
chocolate nutrition bites,405,11/25/2022
chocolate nutrition bites,904,11/26/2022
chocolate nutrition bites,94,11/27/2022
chocolate nutrition bites,226,11/29/2022
chocolate nutrition bites,525,11/29/2022
chocolate nutrition bites,311,12/1/2022
chocolate nutrition bites,713,12/1/2022
chocolate nutrition bites,608,12/4/2022
chocolate nutrition bites,433,12/10/2022
chocolate nutrition bites,487,12/11/2022
chocolate nutrition bites,951,12/12/2022
chocolate nutrition bites,782,12/13/2022
chocolate nutrition bites,45,12/14/2022
chocolate nutrition bites,898,12/16/2022
chocolate nutrition bites,849,12/17/2022
chocolate nutrition bites,851,12/20/2022
chocolate nutrition bites,623,12/20/2022
chocolate nutrition bites,329,12/25/2022
chocolate nutrition bites,390,12/27/2022
chocolate nutrition bites,706,12/28/2022
chocolate nutrition bites,625,1/1/2023
chocolate nutrition bites,660,1/1/2023
chocolate nutrition bites,373,1/2/2023
chocolate nutrition bites,597,1/8/2023
chocolate nutrition bites,249,1/16/2023
chocolate nutrition bites,32,1/16/2023
chocolate nutrition bites,275,1/17/2023
chocolate nutrition bites,38,1/18/2023
chocolate nutrition bites,474,1/18/2023
chocolate nutrition bites,222,1/20/2023
chocolate nutrition bites,84,1/21/2023
chocolate nutrition bites,455,1/22/2023
chocolate nutrition bites,419,1/23/2023
chocolate nutrition bites,991,1/24/2023
chocolate nutrition bites,451,1/26/2023
chocolate nutrition bites,6,1/29/2023
chocolate nutrition bites,81,1/30/2023
chocolate nutrition bites,188,1/30/2023
chocolate nutrition bites,6,2/1/2023
chocolate nutrition bites,770,2/1/2023
chocolate nutrition bites,990,2/4/2023
chocolate nutrition bites,515,2/6/2023
chocolate nutrition bites,333,2/8/2023
chocolate nutrition bites,253,2/8/2023
chocolate nutrition bites,752,2/8/2023
chocolate nutrition bites,517,2/8/2023
chocolate nutrition bites,565,2/13/2023
chocolate nutrition bites,24,2/13/2023
chocolate nutrition bites,907,2/14/2023
chocolate nutrition bites,751,2/15/2023
chocolate nutrition bites,17,2/15/2023
chocolate nutrition bites,270,2/19/2023
chocolate nutrition bites,898,2/19/2023
chocolate nutrition bites,739,2/20/2023
chocolate nutrition bites,830,2/21/2023
chocolate nutrition bites,354,2/21/2023
chocolate nutrition bites,825,2/23/2023
chocolate nutrition bites,651,2/26/2023
chocolate nutrition bites,383,3/6/2023
chocolate nutrition bites,532,3/10/2023
chocolate nutrition bites,568,3/10/2023
chocolate nutrition bites,767,3/10/2023
chocolate nutrition bites,187,3/12/2023
chocolate nutrition bites,593,3/16/2023
chocolate nutrition bites,448,3/17/2023
chocolate nutrition bites,605,3/17/2023
chocolate nutrition bites,808,3/21/2023
chocolate nutrition bites,186,3/23/2023
chocolate nutrition bites,332,3/24/2023
chocolate nutrition bites,647,3/24/2023
chocolate nutrition bites,841,3/28/2023
chocolate nutrition bites,279,3/29/2023
chocolate nutrition bites,357,3/30/2023
chocolate nutrition bites,608,3/31/2023
chocolate nutrition bites,419,3/31/2023
chocolate nutrition bites,835,4/3/2023
chocolate nutrition bites,347,4/3/2023
chocolate nutrition bites,419,4/3/2023
chocolate nutrition bites,55,4/4/2023
chocolate nutrition bites,349,4/5/2023
chocolate nutrition bites,45,4/8/2023
chocolate nutrition bites,197,4/11/2023
chocolate nutrition bites,535,4/12/2023
chocolate nutrition bites,842,4/13/2023
chocolate nutrition bites,248,4/13/2023
chocolate nutrition bites,571,4/15/2023
chocolate nutrition bites,721,4/15/2023
chocolate nutrition bites,477,4/16/2023
chocolate nutrition bites,561,4/17/2023
chocolate nutrition bites,963,4/21/2023
chocolate nutrition bites,863,4/22/2023
chocolate nutrition bites,537,4/23/2023
chocolate nutrition bites,306,4/23/2023
chocolate nutrition bites,225,4/25/2023
chocolate nutrition bites,261,4/30/2023
chocolate nutrition bites,150,4/30/2023
chocolate nutrition bites,27,5/2/2023
chocolate nutrition bites,482,5/4/2023
chocolate nutrition bites,864,5/9/2023
chocolate nutrition bites,310,5/10/2023
chocolate nutrition bites,252,5/11/2023
chocolate nutrition bites,481,5/16/2023
chocolate nutrition bites,266,5/17/2023
chocolate nutrition bites,166,5/20/2023
chocolate nutrition bites,57,5/29/2023
chocolate nutrition bites,317,5/29/2023
chocolate nutrition bites,725,5/30/2023
chocolate nutrition bites,326,6/1/2023
chocolate nutrition bites,774,6/2/2023
chocolate nutrition bites,381,6/3/2023
chocolate nutrition bites,414,6/6/2023
chocolate nutrition bites,92,6/7/2023
chocolate nutrition bites,875,6/8/2023
chocolate nutrition bites,630,6/9/2023
chocolate nutrition bites,940,6/10/2023
chocolate nutrition bites,927,6/11/2023
chocolate nutrition bites,820,6/16/2023
chocolate nutrition bites,530,6/22/2023
chocolate nutrition bites,209,6/23/2023
chocolate nutrition bites,355,6/24/2023
chocolate nutrition bites,245,6/24/2023
chocolate nutrition bites,868,6/25/2023
chocolate nutrition bites,769,6/26/2023
chocolate nutrition bites,284,7/2/2023
chocolate nutrition bites,757,7/2/2023
chocolate nutrition bites,279,7/3/2023
chocolate nutrition bites,593,7/7/2023
chocolate nutrition bites,267,7/7/2023
chocolate nutrition bites,4,7/10/2023
chocolate nutrition bites,349,7/10/2023
chocolate nutrition bites,564,7/14/2023
chocolate nutrition bites,239,7/16/2023
chocolate nutrition bites,667,7/16/2023
chocolate nutrition bites,61,7/17/2023
chocolate nutrition bites,740,7/18/2023
chocolate nutrition bites,703,7/20/2023
chocolate nutrition bites,634,7/22/2023
chocolate nutrition bites,11,7/24/2023
chocolate nutrition bites,536,7/27/2023
chocolate nutrition bites,389,7/28/2023
chocolate nutrition bites,966,7/29/2023
chocolate nutrition bites,766,7/30/2023
chocolate nutrition bites,292,8/2/2023
chocolate nutrition bites,286,8/6/2023
chocolate nutrition bites,761,8/9/2023
chocolate nutrition bites,276,8/9/2023
chocolate nutrition bites,69,8/12/2023
chocolate nutrition bites,263,8/12/2023
chocolate nutrition bites,775,8/13/2023
chocolate nutrition bites,460,8/14/2023
chocolate nutrition bites,945,8/14/2023
chocolate nutrition bites,975,8/16/2023
chocolate nutrition bites,313,8/16/2023
chocolate nutrition bites,339,8/17/2023
chocolate nutrition bites,825,8/18/2023
chocolate nutrition bites,853,8/21/2023
chocolate nutrition bites,544,8/28/2023
chocolate nutrition bites,245,8/30/2023
chocolate nutrition bites,654,9/1/2023
chocolate nutrition bites,959,9/3/2023
chocolate nutrition bites,31,9/4/2023
chocolate nutrition bites,119,9/4/2023
chocolate nutrition bites,442,9/10/2023
chocolate nutrition bites,339,9/12/2023
chocolate nutrition bites,109,9/14/2023
chocolate nutrition bites,786,9/15/2023
chocolate nutrition bites,755,9/15/2023
chocolate nutrition bites,880,9/15/2023
chocolate nutrition bites,247,9/19/2023
chocolate nutrition bites,258,9/21/2023
chocolate nutrition bites,452,9/22/2023
chocolate nutrition bites,68,9/23/2023
chocolate nutrition bites,643,9/23/2023
chocolate nutrition bites,239,9/27/2023
chocolate nutrition bites,507,9/29/2023
chocolate nutrition bites,715,9/30/2023
chocolate nutrition bites,456,10/4/2023
chocolate nutrition bites,913,10/5/2023
chocolate nutrition bites,786,10/10/2023
chocolate nutrition bites,531,10/10/2023
chocolate nutrition bites,179,10/15/2023
chocolate nutrition bites,655,10/24/2023
chocolate nutrition bites,274,10/26/2023
chocolate nutrition bites,695,10/27/2023
chocolate nutrition bites,695,10/27/2023
chocolate nutrition bites,49,10/27/2023
chocolate nutrition bites,443,10/29/2023
chocolate nutrition bites,104,10/29/2023
chocolate nutrition bites,151,10/31/2023
chocolate nutrition bites,403,11/3/2023
chocolate nutrition bites,541,11/10/2023
chocolate nutrition bites,639,11/10/2023
chocolate nutrition bites,532,11/14/2023
chocolate nutrition bites,435,11/17/2023
chocolate nutrition bites,194,11/17/2023
chocolate nutrition bites,661,11/19/2023
chocolate nutrition bites,988,11/21/2023
chocolate nutrition bites,939,11/25/2023
chocolate nutrition bites,445,11/28/2023
chocolate nutrition bites,631,12/4/2023
chocolate nutrition bites,852,12/5/2023
chocolate nutrition bites,537,12/5/2023
chocolate nutrition bites,386,12/5/2023
chocolate nutrition bites,366,12/6/2023
chocolate nutrition bites,129,12/7/2023
chocolate nutrition bites,698,12/10/2023
chocolate nutrition bites,914,12/10/2023
chocolate nutrition bites,179,12/10/2023
chocolate nutrition bites,346,12/13/2023
chocolate nutrition bites,380,12/21/2023
chocolate nutrition bites,676,12/30/2023
chocolate nutrition bites,7,12/31/2023
chocolate nutrition bites,901,1/1/2024
chocolate nutrition bites,54,1/3/2024
chocolate nutrition bites,628,1/5/2024
chocolate nutrition bites,845,1/6/2024
chocolate nutrition bites,928,1/6/2024
chocolate nutrition bites,268,1/8/2024
chocolate nutrition bites,393,1/11/2024
chocolate nutrition bites,258,1/16/2024
chocolate nutrition bites,640,1/24/2024
chocolate nutrition bites,624,1/24/2024
chocolate nutrition bites,349,1/24/2024
chocolate nutrition bites,885,1/28/2024
chocolate nutrition bites,122,1/30/2024
chocolate nutrition bites,35,2/2/2024
chocolate nutrition bites,827,2/5/2024
chocolate nutrition bites,929,2/5/2024
chocolate nutrition bites,832,2/6/2024
chocolate nutrition bites,923,2/9/2024
chocolate nutrition bites,973,2/9/2024
chocolate nutrition bites,305,2/9/2024
chocolate nutrition bites,602,2/11/2024
chocolate nutrition bites,327,2/15/2024
chocolate nutrition bites,729,2/16/2024
chocolate nutrition bites,703,2/17/2024
chocolate nutrition bites,674,2/18/2024
chocolate nutrition bites,452,2/20/2024
chocolate nutrition bites,159,2/20/2024
chocolate nutrition bites,630,2/20/2024
chocolate nutrition bites,363,2/26/2024
chocolate nutrition bites,355,2/27/2024
chocolate nutrition bites,29,2/28/2024
chocolate nutrition bites,176,2/29/2024
chocolate nutrition bites,215,2/29/2024
chocolate nutrition bites,963,2/29/2024
chocolate nutrition bites,340,2/29/2024
chocolate nutrition bites,983,3/3/2024
chocolate nutrition bites,94,3/3/2024
chocolate nutrition bites,318,3/4/2024
chocolate nutrition bites,207,3/4/2024
chocolate nutrition bites,44,3/6/2024
chocolate nutrition bites,94,3/6/2024
chocolate nutrition bites,45,3/6/2024
chocolate nutrition bites,79,3/7/2024
chocolate nutrition bites,82,3/9/2024
chocolate nutrition bites,772,3/10/2024
chocolate nutrition bites,232,3/11/2024
chocolate nutrition bites,450,3/11/2024
chocolate nutrition bites,623,3/12/2024
chocolate nutrition bites,387,3/13/2024
chocolate nutrition bites,919,3/14/2024
chocolate nutrition bites,888,3/16/2024
chocolate nutrition bites,564,3/20/2024
chocolate nutrition bites,899,3/20/2024
chocolate nutrition bites,121,3/20/2024
chocolate nutrition bites,308,3/22/2024
chocolate nutrition bites,252,3/25/2024
chocolate nutrition bites,162,3/25/2024
chocolate nutrition bites,428,3/25/2024
chocolate nutrition bites,54,3/26/2024
chocolate nutrition bites,251,3/28/2024
chocolate nutrition bites,987,3/31/2024
chocolate nutrition bites,470,4/2/2024
chocolate nutrition bites,914,4/3/2024
chocolate nutrition bites,70,4/5/2024
chocolate nutrition bites,140,4/13/2024
chocolate nutrition bites,531,4/15/2024
chocolate nutrition bites,218,4/16/2024
chocolate nutrition bites,996,4/17/2024
chocolate nutrition bites,314,4/18/2024
chocolate nutrition bites,665,4/18/2024
chocolate nutrition bites,872,4/24/2024
chocolate nutrition bites,490,4/29/2024
chocolate nutrition bites,79,4/29/2024
chocolate nutrition bites,745,5/2/2024
chocolate nutrition bites,425,5/3/2024
chocolate nutrition bites,397,5/4/2024
chocolate nutrition bites,798,5/4/2024
chocolate nutrition bites,179,5/5/2024
chocolate nutrition bites,846,5/8/2024
chocolate nutrition bites,498,5/10/2024
chocolate nutrition bites,755,5/12/2024
chocolate nutrition bites,709,5/12/2024
chocolate nutrition bites,425,5/13/2024
chocolate nutrition bites,724,5/15/2024
chocolate nutrition bites,750,5/19/2024
chocolate nutrition bites,728,5/21/2024
chocolate nutrition bites,829,5/21/2024
chocolate nutrition bites,961,5/23/2024
chocolate nutrition bites,211,5/24/2024
chocolate nutrition bites,110,5/24/2024
chocolate nutrition bites,182,5/27/2024
chocolate nutrition bites,704,5/29/2024
chocolate nutrition bites,566,5/30/2024
chocolate nutrition bites,728,6/5/2024
chocolate nutrition bites,87,6/11/2024
chocolate nutrition bites,658,6/12/2024
chocolate nutrition bites,712,6/13/2024
chocolate nutrition bites,807,6/17/2024
chocolate nutrition bites,963,6/17/2024
chocolate nutrition bites,899,6/20/2024
chocolate nutrition bites,98,6/20/2024
chocolate nutrition bites,21,6/25/2024
chocolate nutrition bites,334,7/1/2024
chocolate nutrition bites,456,7/1/2024
chocolate nutrition bites,92,7/5/2024
chocolate nutrition bites,936,7/5/2024
chocolate nutrition bites,244,7/9/2024
chocolate nutrition bites,140,7/10/2024
chocolate nutrition bites,447,7/10/2024
chocolate nutrition bites,193,7/14/2024
chocolate nutrition bites,330,7/15/2024
chocolate nutrition bites,266,7/16/2024
chocolate nutrition bites,779,7/18/2024
chocolate nutrition bites,591,7/18/2024
chocolate nutrition bites,734,7/19/2024
chocolate nutrition bites,45,7/19/2024
chocolate nutrition bites,1,7/20/2024
chocolate nutrition bites,47,7/21/2024
chocolate nutrition bites,172,7/23/2024
chocolate nutrition bites,752,7/23/2024
chocolate nutrition bites,231,7/25/2024
chocolate nutrition bites,954,7/25/2024
chocolate nutrition bites,980,7/28/2024
chocolate nutrition bites,419,7/31/2024
chocolate nutrition bites,555,8/1/2024
chocolate nutrition bites,188,8/4/2024
chocolate nutrition bites,291,8/6/2024
chocolate nutrition bites,219,8/8/2024
chocolate nutrition bites,462,8/10/2024
chocolate nutrition bites,950,8/15/2024
chocolate nutrition bites,534,8/17/2024
chocolate nutrition bites,475,8/22/2024
chocolate nutrition bites,130,8/27/2024
chocolate nutrition bites,349,8/27/2024
chocolate nutrition bites,773,8/27/2024
chocolate nutrition bites,491,8/29/2024
chocolate nutrition bites,106,8/30/2024
chocolate nutrition bites,272,8/31/2024
chocolate nutrition bites,278,8/31/2024
chocolate nutrition bites,821,9/2/2024
chocolate nutrition bites,271,9/4/2024
chocolate nutrition bites,795,9/8/2024
chocolate nutrition bites,844,9/10/2024
chocolate nutrition bites,312,9/14/2024
chocolate nutrition bites,708,9/15/2024
chocolate nutrition bites,288,9/16/2024
chocolate nutrition bites,249,9/18/2024
chocolate nutrition bites,347,9/19/2024
chocolate nutrition bites,992,9/22/2024
chocolate nutrition bites,345,9/23/2024
chocolate nutrition bites,684,9/24/2024
chocolate nutrition bites,773,9/25/2024
chocolate nutrition bites,42,9/26/2024
chocolate nutrition bites,769,9/26/2024
chocolate nutrition bites,229,9/28/2024
chocolate nutrition bites,771,9/29/2024
chocolate nutrition bites,888,9/30/2024
chocolate nutrition bites,463,10/4/2024
chocolate nutrition bites,808,10/5/2024
chocolate nutrition bites,112,10/7/2024
chocolate nutrition bites,149,10/7/2024
chocolate nutrition bites,513,10/9/2024
chocolate nutrition bites,761,10/9/2024
chocolate nutrition bites,676,10/13/2024
chocolate nutrition bites,984,10/14/2024
chocolate nutrition bites,88,10/17/2024
chocolate nutrition bites,915,10/19/2024
chocolate nutrition bites,100,10/23/2024
chocolate nutrition bites,325,10/24/2024
chocolate nutrition bites,530,10/24/2024
chocolate nutrition bites,281,10/26/2024
chocolate nutrition bites,282,10/26/2024
chocolate nutrition bites,449,10/26/2024
chocolate nutrition bites,277,10/27/2024
chocolate nutrition bites,450,10/27/2024
chocolate nutrition bites,915,10/29/2024
chocolate nutrition bites,983,10/30/2024
chocolate nutrition bites,777,11/3/2024
chocolate nutrition bites,950,11/9/2024
chocolate nutrition bites,401,11/9/2024
chocolate nutrition bites,207,11/12/2024
chocolate nutrition bites,173,11/13/2024
chocolate nutrition bites,890,11/17/2024
chocolate nutrition bites,381,11/22/2024
chocolate nutrition bites,904,11/23/2024
chocolate nutrition bites,741,11/24/2024
chocolate nutrition bites,86,11/24/2024
chocolate nutrition bites,784,11/24/2024
chocolate nutrition bites,476,11/26/2024
chocolate nutrition bites,901,11/27/2024
chocolate nutrition bites,348,11/30/2024
chocolate nutrition bites,334,12/1/2024
chocolate nutrition bites,543,12/3/2024
chocolate nutrition bites,674,12/9/2024
chocolate nutrition bites,73,12/11/2024
chocolate nutrition bites,789,12/12/2024
chocolate nutrition bites,602,12/13/2024
chocolate nutrition bites,269,12/17/2024
chocolate nutrition bites,132,12/22/2024
chocolate nutrition bites,65,12/25/2024
chocolate nutrition bites,698,12/27/2024
chocolate nutrition bites,594,12/28/2024
chocolate nutrition bites,254,12/28/2024
chocolate nutrition bites,688,12/30/2024
chocolate nutrition bites,782,1/1/2025
chocolate nutrition bites,489,1/5/2025
chocolate nutrition bites,288,1/6/2025
chocolate nutrition bites,909,1/8/2025
chocolate nutrition bites,770,1/10/2025
chocolate nutrition bites,488,1/10/2025
chocolate nutrition bites,561,1/11/2025
chocolate nutrition bites,388,1/11/2025
chocolate nutrition bites,936,1/12/2025
chocolate nutrition bites,827,1/17/2025
chocolate nutrition bites,377,1/21/2025
chocolate nutrition bites,889,1/27/2025
chocolate nutrition bites,133,2/1/2025
chocolate nutrition bites,379,2/2/2025
chocolate nutrition bites,189,2/3/2025
chocolate nutrition bites,783,2/3/2025
chocolate nutrition bites,87,2/4/2025
chocolate nutrition bites,977,2/6/2025
chocolate nutrition bites,49,2/9/2025
chocolate nutrition bites,577,2/10/2025
chocolate nutrition bites,921,2/10/2025
chocolate nutrition bites,391,2/11/2025
chocolate nutrition bites,474,2/12/2025
chocolate nutrition bites,841,2/12/2025
chocolate nutrition bites,366,2/13/2025
chocolate nutrition bites,388,2/16/2025
chocolate nutrition bites,118,2/20/2025
chocolate nutrition bites,23,2/25/2025
chocolate nutrition bites,613,2/26/2025
chocolate nutrition bites,785,3/1/2025
chocolate nutrition bites,896,3/3/2025
chocolate nutrition bites,508,3/6/2025
chocolate nutrition bites,142,3/11/2025
chocolate nutrition bites,403,3/15/2025
chocolate nutrition bites,386,3/16/2025
chocolate nutrition bites,144,3/19/2025
chocolate nutrition bites,317,3/19/2025
chocolate nutrition bites,535,3/21/2025
chocolate nutrition bites,609,3/24/2025
chocolate nutrition bites,481,3/27/2025
chocolate nutrition bites,103,3/30/2025
chocolate nutrition bites,118,4/3/2025
chocolate nutrition bites,157,4/4/2025
chocolate nutrition bites,444,4/5/2025
chocolate nutrition bites,59,4/6/2025
chocolate nutrition bites,339,4/7/2025
chocolate nutrition bites,711,4/7/2025
chocolate nutrition bites,480,4/8/2025
chocolate nutrition bites,668,4/8/2025
chocolate nutrition bites,75,4/13/2025
chocolate nutrition bites,384,4/13/2025
chocolate nutrition bites,828,4/15/2025
chocolate nutrition bites,313,4/15/2025
chocolate nutrition bites,316,4/17/2025
chocolate nutrition bites,649,4/19/2025
chocolate nutrition bites,540,4/23/2025
chocolate nutrition bites,450,4/27/2025
chocolate nutrition bites,53,5/5/2025
chocolate nutrition bites,723,5/9/2025
chocolate nutrition bites,411,5/10/2025
chocolate nutrition bites,493,5/12/2025
chocolate nutrition bites,739,5/13/2025
chocolate nutrition bites,612,5/14/2025
chocolate nutrition bites,666,5/14/2025
chocolate nutrition bites,511,5/15/2025
chocolate nutrition bites,582,5/16/2025
chocolate nutrition bites,18,5/17/2025
chocolate nutrition bites,11,5/23/2025
chocolate nutrition bites,949,5/25/2025
chocolate nutrition bites,116,5/27/2025
chocolate nutrition bites,343,5/28/2025
chocolate nutrition bites,320,5/29/2025
chocolate nutrition bites,70,5/30/2025
chocolate nutrition bites,496,6/1/2025
chocolate nutrition bites,235,6/2/2025
chocolate nutrition bites,824,6/2/2025
chocolate nutrition bites,261,6/5/2025
chocolate nutrition bites,29,6/7/2025
chocolate nutrition bites,458,6/12/2025
chocolate nutrition bites,654,6/13/2025
chocolate nutrition bites,323,6/15/2025
chocolate nutrition bites,55,6/16/2025
chocolate nutrition bites,312,6/17/2025
chocolate nutrition bites,255,6/18/2025
chocolate nutrition bites,67,6/20/2025
chocolate nutrition bites,532,6/21/2025
chocolate nutrition bites,789,6/23/2025
chocolate nutrition bites,707,6/24/2025
chocolate nutrition bites,481,6/25/2025
chocolate nutrition bites,715,6/26/2025
chocolate nutrition bites,487,6/26/2025
chocolate nutrition bites,685,6/27/2025
chocolate nutrition bites,648,6/28/2025
chocolate nutrition bites,602,6/29/2025
chocolate nutrition bites,489,7/2/2025
chocolate nutrition bites,62,7/4/2025
chocolate nutrition bites,35,7/4/2025
chocolate nutrition bites,723,7/5/2025
chocolate nutrition bites,739,7/5/2025
chocolate nutrition bites,544,7/8/2025
chocolate nutrition bites,125,7/9/2025
chocolate nutrition bites,237,7/10/2025
chocolate nutrition bites,805,7/10/2025
chocolate nutrition bites,957,7/13/2025
chocolate nutrition bites,444,7/15/2025
chocolate nutrition bites,624,7/19/2025
chocolate nutrition bites,233,7/24/2025
chocolate nutrition bites,884,7/28/2025
chocolate nutrition bites,709,7/29/2025
chocolate nutrition bites,487,7/29/2025
chocolate nutrition bites,792,7/30/2025
chocolate nutrition bites,435,7/31/2025
chocolate nutrition bites,116,8/2/2025
chocolate nutrition bites,451,8/3/2025
chocolate nutrition bites,898,8/6/2025
chocolate nutrition bites,191,8/12/2025
chocolate nutrition bites,153,8/14/2025
chocolate nutrition bites,63,8/14/2025
chocolate nutrition bites,153,8/20/2025
chocolate nutrition bites,947,8/23/2025
chocolate nutrition bites,789,8/25/2025
chocolate nutrition bites,775,8/27/2025
chocolate nutrition bites,996,8/28/2025
chocolate nutrition bites,686,8/29/2025
chocolate nutrition bites,646,8/30/2025
chocolate nutrition bites,586,8/31/2025
chocolate nutrition bites,466,9/1/2025
chocolate nutrition bites,505,9/2/2025
chocolate nutrition bites,445,9/2/2025
chocolate nutrition bites,989,9/9/2025
chocolate nutrition bites,26,9/10/2025
chocolate nutrition bites,97,9/12/2025
chocolate nutrition bites,863,9/13/2025
chocolate nutrition bites,102,9/14/2025
chocolate nutrition bites,245,9/14/2025
chocolate nutrition bites,678,9/16/2025
chocolate nutrition bites,873,9/16/2025
chocolate nutrition bites,129,9/22/2025
chocolate nutrition bites,503,9/25/2025
chocolate nutrition bites,449,9/27/2025
chocolate nutrition bites,739,9/28/2025
chocolate nutrition bites,532,9/29/2025
chocolate nutrition bites,251,9/30/2025
chocolate nutrition bites,550,10/7/2025
chocolate nutrition bites,251,10/8/2025
chocolate nutrition bites,510,10/8/2025
chocolate nutrition bites,325,10/9/2025
chocolate nutrition bites,483,10/11/2025
chocolate nutrition bites,43,10/18/2025
chocolate nutrition bites,852,10/20/2025
chocolate nutrition bites,614,10/20/2025
chocolate nutrition bites,286,10/21/2025
chocolate nutrition bites,536,10/22/2025
chocolate nutrition bites,695,10/23/2025
chocolate nutrition bites,908,11/1/2025
chocolate nutrition bites,110,11/4/2025
chocolate nutrition bites,118,11/8/2025
chocolate nutrition bites,617,11/14/2025
chocolate nutrition bites,217,11/15/2025
chocolate nutrition bites,373,11/17/2025
chocolate nutrition bites,901,11/18/2025
chocolate nutrition bites,301,11/19/2025
chocolate nutrition bites,978,11/20/2025
chocolate nutrition bites,40,11/23/2025
chocolate nutrition bites,486,11/24/2025
chocolate nutrition bites,503,11/28/2025
chocolate nutrition bites,211,11/29/2025
chocolate nutrition bites,989,11/30/2025
chocolate nutrition bites,394,12/2/2025
chocolate nutrition bites,146,12/3/2025
chocolate nutrition bites,434,12/3/2025
chocolate nutrition bites,198,12/5/2025
chocolate nutrition bites,533,12/6/2025
chocolate nutrition bites,555,12/8/2025
chocolate nutrition bites,545,12/9/2025
chocolate nutrition bites,764,12/10/2025
chocolate nutrition bites,380,12/11/2025
chocolate nutrition bites,654,12/11/2025
chocolate nutrition bites,157,12/12/2025
chocolate nutrition bites,249,12/13/2025
chocolate nutrition bites,777,12/14/2025
chocolate nutrition bites,288,12/17/2025
chocolate nutrition bites,297,12/18/2025
chocolate nutrition bites,805,12/20/2025
chocolate nutrition bites,423,12/21/2025
chocolate nutrition bites,77,12/21/2025
chocolate nutrition bites,904,12/25/2025
chocolate nutrition bites,124,12/27/2025
chocolate nutrition bites,658,12/28/2025
chocolate nutrition bites,366,12/31/2025
chocolate nutrition bites,800,12/31/2025
chocolate nutrition bites,527,12/31/2025
chocolate nutrition bites,379,1/3/2026
chocolate nutrition bites,774,1/5/2026
chocolate nutrition bites,942,1/7/2026
chocolate nutrition bites,78,1/13/2026
chocolate nutrition bites,713,1/13/2026
chocolate nutrition bites,987,1/13/2026
chocolate nutrition bites,553,1/17/2026
chocolate nutrition bites,285,1/17/2026
chocolate nutrition bites,732,1/18/2026
chocolate nutrition bites,767,1/20/2026
chocolate nutrition bites,262,1/21/2026
chocolate nutrition bites,92,1/22/2026
chocolate nutrition bites,634,1/24/2026
chocolate nutrition bites,757,1/26/2026
chocolate nutrition bites,997,1/30/2026
chocolate nutrition bites,225,1/31/2026
chocolate nutrition bites,162,2/4/2026
chocolate nutrition bites,110,2/4/2026
chocolate nutrition bites,331,2/6/2026
chocolate nutrition bites,452,2/7/2026
chocolate nutrition bites,549,2/8/2026
chocolate nutrition bites,137,2/9/2026
chocolate nutrition bites,83,2/9/2026
chocolate nutrition bites,517,2/10/2026
chocolate nutrition bites,990,2/11/2026
chocolate nutrition bites,567,2/13/2026
chocolate nutrition bites,565,2/14/2026
chocolate nutrition bites,976,2/15/2026
chocolate nutrition bites,684,2/16/2026
chocolate nutrition bites,584,2/18/2026
chocolate nutrition bites,680,2/18/2026
chocolate nutrition bites,16,2/20/2026
chocolate nutrition bites,760,2/21/2026
chocolate nutrition bites,656,2/26/2026
chocolate nutrition bites,876,3/1/2026
chocolate nutrition bites,385,3/4/2026
chocolate nutrition bites,392,3/5/2026
chocolate nutrition bites,489,3/8/2026
chocolate nutrition bites,705,3/9/2026
chocolate nutrition bites,628,3/10/2026
chocolate nutrition bites,744,3/11/2026
chocolate nutrition bites,636,3/13/2026
chocolate nutrition bites,582,3/16/2026
chocolate nutrition bites,58,3/16/2026
kids oat nutrition bar,878,3/7/2021
kids oat nutrition bar,165,3/7/2021
kids oat nutrition bar,964,3/9/2021
kids oat nutrition bar,917,3/9/2021
kids oat nutrition bar,40,3/17/2021
kids oat nutrition bar,134,3/17/2021
kids oat nutrition bar,451,3/19/2021
kids oat nutrition bar,230,3/20/2021
kids oat nutrition bar,26,3/20/2021
kids oat nutrition bar,872,3/21/2021
kids oat nutrition bar,650,3/23/2021
kids oat nutrition bar,86,3/26/2021
kids oat nutrition bar,830,3/28/2021
kids oat nutrition bar,888,3/30/2021
kids oat nutrition bar,588,3/30/2021
kids oat nutrition bar,567,4/3/2021
kids oat nutrition bar,863,4/4/2021
kids oat nutrition bar,277,4/4/2021
kids oat nutrition bar,791,4/8/2021
kids oat nutrition bar,655,4/8/2021
kids oat nutrition bar,233,4/16/2021
kids oat nutrition bar,365,4/18/2021
kids oat nutrition bar,983,4/18/2021
kids oat nutrition bar,73,4/18/2021
kids oat nutrition bar,976,4/20/2021
kids oat nutrition bar,835,4/22/2021
kids oat nutrition bar,74,4/22/2021
kids oat nutrition bar,444,4/24/2021
kids oat nutrition bar,763,4/26/2021
kids oat nutrition bar,430,4/27/2021
kids oat nutrition bar,72,4/28/2021
kids oat nutrition bar,462,4/28/2021
kids oat nutrition bar,190,4/29/2021
kids oat nutrition bar,547,5/1/2021
kids oat nutrition bar,294,5/3/2021
kids oat nutrition bar,690,5/4/2021
kids oat nutrition bar,991,5/7/2021
kids oat nutrition bar,926,5/11/2021
kids oat nutrition bar,929,5/15/2021
kids oat nutrition bar,582,5/15/2021
kids oat nutrition bar,980,5/16/2021
kids oat nutrition bar,364,5/16/2021
kids oat nutrition bar,956,5/16/2021
kids oat nutrition bar,412,5/17/2021
kids oat nutrition bar,625,5/17/2021
kids oat nutrition bar,824,5/19/2021
kids oat nutrition bar,546,5/21/2021
kids oat nutrition bar,993,5/21/2021
kids oat nutrition bar,800,5/22/2021
kids oat nutrition bar,57,5/28/2021
kids oat nutrition bar,623,6/1/2021
kids oat nutrition bar,670,6/2/2021
kids oat nutrition bar,264,6/3/2021
kids oat nutrition bar,56,6/5/2021
kids oat nutrition bar,922,6/5/2021
kids oat nutrition bar,857,6/5/2021
kids oat nutrition bar,972,6/5/2021
kids oat nutrition bar,407,6/5/2021
kids oat nutrition bar,620,6/7/2021
kids oat nutrition bar,824,6/9/2021
kids oat nutrition bar,426,6/9/2021
kids oat nutrition bar,798,6/10/2021
kids oat nutrition bar,731,6/10/2021
kids oat nutrition bar,131,6/12/2021
kids oat nutrition bar,248,6/12/2021
kids oat nutrition bar,258,6/12/2021
kids oat nutrition bar,764,6/12/2021
kids oat nutrition bar,615,6/13/2021
kids oat nutrition bar,694,6/13/2021
kids oat nutrition bar,939,6/17/2021
kids oat nutrition bar,938,6/18/2021
kids oat nutrition bar,542,6/20/2021
kids oat nutrition bar,918,6/20/2021
kids oat nutrition bar,657,6/23/2021
kids oat nutrition bar,441,6/24/2021
kids oat nutrition bar,28,6/28/2021
kids oat nutrition bar,861,6/29/2021
kids oat nutrition bar,695,7/3/2021
kids oat nutrition bar,223,7/4/2021
kids oat nutrition bar,938,7/5/2021
kids oat nutrition bar,745,7/5/2021
kids oat nutrition bar,522,7/7/2021
kids oat nutrition bar,609,7/7/2021
kids oat nutrition bar,84,7/13/2021
kids oat nutrition bar,803,7/15/2021
kids oat nutrition bar,874,7/15/2021
kids oat nutrition bar,635,7/15/2021
kids oat nutrition bar,258,7/16/2021
kids oat nutrition bar,744,7/16/2021
kids oat nutrition bar,191,7/16/2021
kids oat nutrition bar,61,7/17/2021
kids oat nutrition bar,660,7/17/2021
kids oat nutrition bar,425,7/17/2021
kids oat nutrition bar,825,7/17/2021
kids oat nutrition bar,623,7/20/2021
kids oat nutrition bar,371,7/21/2021
kids oat nutrition bar,594,7/23/2021
kids oat nutrition bar,857,7/24/2021
kids oat nutrition bar,575,7/27/2021
kids oat nutrition bar,952,7/27/2021
kids oat nutrition bar,594,7/29/2021
kids oat nutrition bar,867,7/29/2021
kids oat nutrition bar,761,7/29/2021
kids oat nutrition bar,830,7/31/2021
kids oat nutrition bar,693,8/5/2021
kids oat nutrition bar,183,8/6/2021
kids oat nutrition bar,205,8/8/2021
kids oat nutrition bar,841,8/10/2021
kids oat nutrition bar,516,8/14/2021
kids oat nutrition bar,171,8/21/2021
kids oat nutrition bar,55,8/21/2021
kids oat nutrition bar,242,8/23/2021
kids oat nutrition bar,818,8/25/2021
kids oat nutrition bar,616,8/26/2021
kids oat nutrition bar,83,8/26/2021
kids oat nutrition bar,449,9/5/2021
kids oat nutrition bar,868,9/6/2021
kids oat nutrition bar,231,9/6/2021
kids oat nutrition bar,834,9/10/2021
kids oat nutrition bar,931,9/14/2021
kids oat nutrition bar,568,9/16/2021
kids oat nutrition bar,645,9/18/2021
kids oat nutrition bar,35,9/18/2021
kids oat nutrition bar,129,9/18/2021
kids oat nutrition bar,849,9/20/2021
kids oat nutrition bar,349,9/25/2021
kids oat nutrition bar,716,9/25/2021
kids oat nutrition bar,497,9/27/2021
kids oat nutrition bar,275,9/27/2021
kids oat nutrition bar,634,9/27/2021
kids oat nutrition bar,211,9/28/2021
kids oat nutrition bar,539,9/28/2021
kids oat nutrition bar,942,9/29/2021
kids oat nutrition bar,160,10/1/2021
kids oat nutrition bar,797,10/5/2021
kids oat nutrition bar,803,10/7/2021
kids oat nutrition bar,116,10/7/2021
kids oat nutrition bar,432,10/8/2021
kids oat nutrition bar,696,10/9/2021
kids oat nutrition bar,809,10/12/2021
kids oat nutrition bar,439,10/12/2021
kids oat nutrition bar,265,10/12/2021
kids oat nutrition bar,208,10/12/2021
kids oat nutrition bar,154,10/13/2021
kids oat nutrition bar,146,10/13/2021
kids oat nutrition bar,939,10/14/2021
kids oat nutrition bar,552,10/14/2021
kids oat nutrition bar,371,10/14/2021
kids oat nutrition bar,13,10/18/2021
kids oat nutrition bar,166,10/21/2021
kids oat nutrition bar,539,10/23/2021
kids oat nutrition bar,965,10/25/2021
kids oat nutrition bar,458,10/30/2021
kids oat nutrition bar,78,10/31/2021
kids oat nutrition bar,900,11/3/2021
kids oat nutrition bar,903,11/4/2021
kids oat nutrition bar,908,11/8/2021
kids oat nutrition bar,413,11/9/2021
kids oat nutrition bar,302,11/11/2021
kids oat nutrition bar,758,11/18/2021
kids oat nutrition bar,252,11/22/2021
kids oat nutrition bar,292,11/24/2021
kids oat nutrition bar,77,11/24/2021
kids oat nutrition bar,332,11/24/2021
kids oat nutrition bar,723,11/26/2021
kids oat nutrition bar,538,12/2/2021
kids oat nutrition bar,448,12/2/2021
kids oat nutrition bar,183,12/3/2021
kids oat nutrition bar,490,12/8/2021
kids oat nutrition bar,997,12/8/2021
kids oat nutrition bar,808,12/10/2021
kids oat nutrition bar,191,12/11/2021
kids oat nutrition bar,143,12/12/2021
kids oat nutrition bar,955,12/13/2021
kids oat nutrition bar,848,12/17/2021
kids oat nutrition bar,57,12/17/2021
kids oat nutrition bar,524,12/18/2021
kids oat nutrition bar,993,12/22/2021
kids oat nutrition bar,280,12/23/2021
kids oat nutrition bar,540,12/26/2021
kids oat nutrition bar,453,12/26/2021
kids oat nutrition bar,769,12/28/2021
kids oat nutrition bar,518,12/30/2021
kids oat nutrition bar,156,1/7/2022
kids oat nutrition bar,370,1/11/2022
kids oat nutrition bar,431,1/12/2022
kids oat nutrition bar,171,1/13/2022
kids oat nutrition bar,476,1/13/2022
kids oat nutrition bar,157,1/16/2022
kids oat nutrition bar,585,1/17/2022
kids oat nutrition bar,481,1/17/2022
kids oat nutrition bar,39,1/18/2022
kids oat nutrition bar,445,1/20/2022
kids oat nutrition bar,981,1/23/2022
kids oat nutrition bar,946,1/25/2022
kids oat nutrition bar,671,1/26/2022
kids oat nutrition bar,122,1/27/2022
kids oat nutrition bar,864,1/28/2022
kids oat nutrition bar,614,1/29/2022
kids oat nutrition bar,357,1/29/2022
kids oat nutrition bar,650,2/4/2022
kids oat nutrition bar,210,2/4/2022
kids oat nutrition bar,424,2/4/2022
kids oat nutrition bar,796,2/5/2022
kids oat nutrition bar,974,2/6/2022
kids oat nutrition bar,821,2/7/2022
kids oat nutrition bar,765,2/9/2022
kids oat nutrition bar,171,2/12/2022
kids oat nutrition bar,391,2/13/2022
kids oat nutrition bar,598,2/14/2022
kids oat nutrition bar,920,2/17/2022
kids oat nutrition bar,413,2/17/2022
kids oat nutrition bar,45,2/22/2022
kids oat nutrition bar,120,2/23/2022
kids oat nutrition bar,452,2/23/2022
kids oat nutrition bar,251,2/25/2022
kids oat nutrition bar,956,3/2/2022
kids oat nutrition bar,204,3/3/2022
kids oat nutrition bar,11,3/5/2022
kids oat nutrition bar,172,3/6/2022
kids oat nutrition bar,651,3/8/2022
kids oat nutrition bar,599,3/14/2022
kids oat nutrition bar,567,3/14/2022
kids oat nutrition bar,533,3/17/2022
kids oat nutrition bar,594,3/17/2022
kids oat nutrition bar,764,3/20/2022
kids oat nutrition bar,90,3/20/2022
kids oat nutrition bar,403,3/22/2022
kids oat nutrition bar,979,3/24/2022
kids oat nutrition bar,523,3/29/2022
kids oat nutrition bar,791,3/30/2022
kids oat nutrition bar,143,4/2/2022
kids oat nutrition bar,640,4/3/2022
kids oat nutrition bar,205,4/4/2022
kids oat nutrition bar,325,4/6/2022
kids oat nutrition bar,840,4/9/2022
kids oat nutrition bar,525,4/10/2022
kids oat nutrition bar,910,4/13/2022
kids oat nutrition bar,561,4/13/2022
kids oat nutrition bar,645,4/13/2022
kids oat nutrition bar,646,4/15/2022
kids oat nutrition bar,79,4/17/2022
kids oat nutrition bar,562,4/19/2022
kids oat nutrition bar,388,4/24/2022
kids oat nutrition bar,198,4/24/2022
kids oat nutrition bar,880,4/25/2022
kids oat nutrition bar,794,4/27/2022
kids oat nutrition bar,607,4/28/2022
kids oat nutrition bar,841,4/29/2022
kids oat nutrition bar,882,5/4/2022
kids oat nutrition bar,987,5/5/2022
kids oat nutrition bar,236,5/6/2022
kids oat nutrition bar,813,5/7/2022
kids oat nutrition bar,155,5/7/2022
kids oat nutrition bar,348,5/10/2022
kids oat nutrition bar,976,5/11/2022
kids oat nutrition bar,107,5/13/2022
kids oat nutrition bar,198,5/14/2022
kids oat nutrition bar,448,5/15/2022
kids oat nutrition bar,901,5/16/2022
kids oat nutrition bar,543,5/17/2022
kids oat nutrition bar,491,5/25/2022
kids oat nutrition bar,855,5/28/2022
kids oat nutrition bar,456,6/4/2022
kids oat nutrition bar,13,6/7/2022
kids oat nutrition bar,579,6/15/2022
kids oat nutrition bar,69,6/15/2022
kids oat nutrition bar,295,6/16/2022
kids oat nutrition bar,674,6/16/2022
kids oat nutrition bar,166,6/19/2022
kids oat nutrition bar,260,6/19/2022
kids oat nutrition bar,965,6/20/2022
kids oat nutrition bar,973,6/20/2022
kids oat nutrition bar,411,6/21/2022
kids oat nutrition bar,968,6/25/2022
kids oat nutrition bar,842,6/25/2022
kids oat nutrition bar,298,6/29/2022
kids oat nutrition bar,429,6/29/2022
kids oat nutrition bar,202,7/2/2022
kids oat nutrition bar,784,7/4/2022
kids oat nutrition bar,589,7/6/2022
kids oat nutrition bar,411,7/7/2022
kids oat nutrition bar,623,7/8/2022
kids oat nutrition bar,574,7/9/2022
kids oat nutrition bar,426,7/11/2022
kids oat nutrition bar,769,7/17/2022
kids oat nutrition bar,932,7/17/2022
kids oat nutrition bar,812,7/17/2022
kids oat nutrition bar,94,7/19/2022
kids oat nutrition bar,516,7/31/2022
kids oat nutrition bar,335,7/31/2022
kids oat nutrition bar,215,8/1/2022
kids oat nutrition bar,378,8/4/2022
kids oat nutrition bar,60,8/8/2022
kids oat nutrition bar,834,8/11/2022
kids oat nutrition bar,145,8/11/2022
kids oat nutrition bar,550,8/12/2022
kids oat nutrition bar,838,8/15/2022
kids oat nutrition bar,897,8/19/2022
kids oat nutrition bar,406,8/20/2022
kids oat nutrition bar,520,8/23/2022
kids oat nutrition bar,48,8/24/2022
kids oat nutrition bar,192,8/26/2022
kids oat nutrition bar,46,8/27/2022
kids oat nutrition bar,236,8/29/2022
kids oat nutrition bar,571,8/30/2022
kids oat nutrition bar,236,8/31/2022
kids oat nutrition bar,843,9/5/2022
kids oat nutrition bar,437,9/8/2022
kids oat nutrition bar,878,9/12/2022
kids oat nutrition bar,905,9/13/2022
kids oat nutrition bar,842,9/18/2022
kids oat nutrition bar,160,9/19/2022
kids oat nutrition bar,818,9/20/2022
kids oat nutrition bar,245,9/22/2022
kids oat nutrition bar,863,9/24/2022
kids oat nutrition bar,800,9/25/2022
kids oat nutrition bar,605,9/30/2022
kids oat nutrition bar,809,10/1/2022
kids oat nutrition bar,41,10/7/2022
kids oat nutrition bar,327,10/9/2022
kids oat nutrition bar,382,10/12/2022
kids oat nutrition bar,711,10/13/2022
kids oat nutrition bar,657,10/21/2022
kids oat nutrition bar,243,10/25/2022
kids oat nutrition bar,207,10/27/2022
kids oat nutrition bar,741,10/28/2022
kids oat nutrition bar,356,10/29/2022
kids oat nutrition bar,938,10/30/2022
kids oat nutrition bar,757,11/3/2022
kids oat nutrition bar,667,11/6/2022
kids oat nutrition bar,738,11/6/2022
kids oat nutrition bar,861,11/7/2022
kids oat nutrition bar,109,11/9/2022
kids oat nutrition bar,293,11/13/2022
kids oat nutrition bar,347,11/13/2022
kids oat nutrition bar,409,11/14/2022
kids oat nutrition bar,649,11/14/2022
kids oat nutrition bar,396,11/18/2022
kids oat nutrition bar,15,11/18/2022
kids oat nutrition bar,628,11/20/2022
kids oat nutrition bar,450,11/24/2022
kids oat nutrition bar,301,11/29/2022
kids oat nutrition bar,480,12/1/2022
kids oat nutrition bar,191,12/1/2022
kids oat nutrition bar,814,12/3/2022
kids oat nutrition bar,371,12/4/2022
kids oat nutrition bar,62,12/4/2022
kids oat nutrition bar,270,12/5/2022
kids oat nutrition bar,268,12/6/2022
kids oat nutrition bar,74,12/7/2022
kids oat nutrition bar,133,12/7/2022
kids oat nutrition bar,781,12/7/2022
kids oat nutrition bar,564,12/7/2022
kids oat nutrition bar,622,12/7/2022
kids oat nutrition bar,386,12/11/2022
kids oat nutrition bar,531,12/12/2022
kids oat nutrition bar,252,12/13/2022
kids oat nutrition bar,162,12/13/2022
kids oat nutrition bar,650,12/14/2022
kids oat nutrition bar,798,12/14/2022
kids oat nutrition bar,191,12/20/2022
kids oat nutrition bar,894,12/20/2022
kids oat nutrition bar,280,12/20/2022
kids oat nutrition bar,680,12/22/2022
kids oat nutrition bar,179,12/25/2022
kids oat nutrition bar,871,12/25/2022
kids oat nutrition bar,950,12/26/2022
kids oat nutrition bar,694,12/28/2022
kids oat nutrition bar,974,12/28/2022
kids oat nutrition bar,827,12/30/2022
kids oat nutrition bar,244,1/1/2023
kids oat nutrition bar,331,1/1/2023
kids oat nutrition bar,935,1/1/2023
kids oat nutrition bar,80,1/4/2023
kids oat nutrition bar,582,1/7/2023
kids oat nutrition bar,342,1/11/2023
kids oat nutrition bar,526,1/12/2023
kids oat nutrition bar,639,1/15/2023
kids oat nutrition bar,458,1/16/2023
kids oat nutrition bar,226,1/23/2023
kids oat nutrition bar,47,1/23/2023
kids oat nutrition bar,811,1/23/2023
kids oat nutrition bar,357,1/24/2023
kids oat nutrition bar,35,1/25/2023
kids oat nutrition bar,474,1/26/2023
kids oat nutrition bar,370,1/27/2023
kids oat nutrition bar,510,1/29/2023
kids oat nutrition bar,626,2/2/2023
kids oat nutrition bar,227,2/2/2023
kids oat nutrition bar,206,2/4/2023
kids oat nutrition bar,924,2/4/2023
kids oat nutrition bar,904,2/5/2023
kids oat nutrition bar,507,2/9/2023
kids oat nutrition bar,360,2/9/2023
kids oat nutrition bar,534,2/11/2023
kids oat nutrition bar,51,2/12/2023
kids oat nutrition bar,985,2/13/2023
kids oat nutrition bar,250,2/15/2023
kids oat nutrition bar,866,2/16/2023
kids oat nutrition bar,175,2/17/2023
kids oat nutrition bar,834,2/17/2023
kids oat nutrition bar,417,2/18/2023
kids oat nutrition bar,734,2/19/2023
kids oat nutrition bar,949,2/20/2023
kids oat nutrition bar,683,2/24/2023
kids oat nutrition bar,978,3/3/2023
kids oat nutrition bar,283,3/5/2023
kids oat nutrition bar,877,3/5/2023
kids oat nutrition bar,693,3/6/2023
kids oat nutrition bar,604,3/7/2023
kids oat nutrition bar,53,3/7/2023
kids oat nutrition bar,119,3/8/2023
kids oat nutrition bar,276,3/10/2023
kids oat nutrition bar,45,3/11/2023
kids oat nutrition bar,91,3/11/2023
kids oat nutrition bar,77,3/12/2023
kids oat nutrition bar,564,3/18/2023
kids oat nutrition bar,637,3/21/2023
kids oat nutrition bar,331,3/25/2023
kids oat nutrition bar,536,3/26/2023
kids oat nutrition bar,959,3/27/2023
kids oat nutrition bar,671,4/1/2023
kids oat nutrition bar,101,4/1/2023
kids oat nutrition bar,376,4/3/2023
kids oat nutrition bar,865,4/8/2023
kids oat nutrition bar,700,4/10/2023
kids oat nutrition bar,696,4/13/2023
kids oat nutrition bar,386,4/14/2023
kids oat nutrition bar,232,4/17/2023
kids oat nutrition bar,558,4/24/2023
kids oat nutrition bar,55,4/24/2023
kids oat nutrition bar,649,4/26/2023
kids oat nutrition bar,372,4/27/2023
kids oat nutrition bar,864,4/29/2023
kids oat nutrition bar,814,4/29/2023
kids oat nutrition bar,971,5/2/2023
kids oat nutrition bar,965,5/4/2023
kids oat nutrition bar,898,5/8/2023
kids oat nutrition bar,600,5/9/2023
kids oat nutrition bar,722,5/11/2023
kids oat nutrition bar,933,5/11/2023
kids oat nutrition bar,387,5/12/2023
kids oat nutrition bar,257,5/13/2023
kids oat nutrition bar,117,5/18/2023
kids oat nutrition bar,797,5/18/2023
kids oat nutrition bar,690,5/19/2023
kids oat nutrition bar,942,5/19/2023
kids oat nutrition bar,889,5/19/2023
kids oat nutrition bar,37,5/20/2023
kids oat nutrition bar,729,5/21/2023
kids oat nutrition bar,996,5/25/2023
kids oat nutrition bar,542,5/27/2023
kids oat nutrition bar,126,5/28/2023
kids oat nutrition bar,534,5/29/2023
kids oat nutrition bar,808,6/1/2023
kids oat nutrition bar,394,6/1/2023
kids oat nutrition bar,368,6/1/2023
kids oat nutrition bar,81,6/1/2023
kids oat nutrition bar,792,6/2/2023
kids oat nutrition bar,147,6/4/2023
kids oat nutrition bar,971,6/5/2023
kids oat nutrition bar,799,6/6/2023
kids oat nutrition bar,512,6/6/2023
kids oat nutrition bar,667,6/8/2023
kids oat nutrition bar,917,6/8/2023
kids oat nutrition bar,703,6/9/2023
kids oat nutrition bar,749,6/9/2023
kids oat nutrition bar,918,6/10/2023
kids oat nutrition bar,315,6/12/2023
kids oat nutrition bar,301,6/13/2023
kids oat nutrition bar,640,6/13/2023
kids oat nutrition bar,477,6/13/2023
kids oat nutrition bar,299,6/13/2023
kids oat nutrition bar,25,6/14/2023
kids oat nutrition bar,174,6/16/2023
kids oat nutrition bar,425,6/18/2023
kids oat nutrition bar,725,6/19/2023
kids oat nutrition bar,867,6/19/2023
kids oat nutrition bar,238,6/21/2023
kids oat nutrition bar,601,6/23/2023
kids oat nutrition bar,471,6/25/2023
kids oat nutrition bar,627,6/27/2023
kids oat nutrition bar,175,6/30/2023
kids oat nutrition bar,732,7/3/2023
kids oat nutrition bar,695,7/4/2023
kids oat nutrition bar,801,7/5/2023
kids oat nutrition bar,432,7/5/2023
kids oat nutrition bar,550,7/6/2023
kids oat nutrition bar,152,7/16/2023
kids oat nutrition bar,535,7/16/2023
kids oat nutrition bar,185,7/19/2023
kids oat nutrition bar,62,7/21/2023
kids oat nutrition bar,678,7/23/2023
kids oat nutrition bar,268,7/25/2023
kids oat nutrition bar,178,7/25/2023
kids oat nutrition bar,428,7/30/2023
kids oat nutrition bar,612,7/31/2023
kids oat nutrition bar,715,8/1/2023
kids oat nutrition bar,318,8/5/2023
kids oat nutrition bar,566,8/9/2023
kids oat nutrition bar,937,8/13/2023
kids oat nutrition bar,992,8/14/2023
kids oat nutrition bar,156,8/17/2023
kids oat nutrition bar,351,8/22/2023
kids oat nutrition bar,188,8/23/2023
kids oat nutrition bar,956,8/24/2023
kids oat nutrition bar,475,8/30/2023
kids oat nutrition bar,203,8/30/2023
kids oat nutrition bar,397,8/30/2023
kids oat nutrition bar,613,8/30/2023
kids oat nutrition bar,819,8/31/2023
kids oat nutrition bar,103,9/2/2023
kids oat nutrition bar,167,9/8/2023
kids oat nutrition bar,698,9/8/2023
kids oat nutrition bar,748,9/11/2023
kids oat nutrition bar,531,9/11/2023
kids oat nutrition bar,104,9/11/2023
kids oat nutrition bar,47,9/11/2023
kids oat nutrition bar,821,9/14/2023
kids oat nutrition bar,904,9/15/2023
kids oat nutrition bar,387,9/17/2023
kids oat nutrition bar,589,9/19/2023
kids oat nutrition bar,890,9/20/2023
kids oat nutrition bar,265,9/25/2023
kids oat nutrition bar,482,9/26/2023
kids oat nutrition bar,194,9/28/2023
kids oat nutrition bar,723,9/28/2023
kids oat nutrition bar,274,10/3/2023
kids oat nutrition bar,866,10/5/2023
kids oat nutrition bar,491,10/6/2023
kids oat nutrition bar,249,10/7/2023
kids oat nutrition bar,773,10/8/2023
kids oat nutrition bar,867,10/10/2023
kids oat nutrition bar,92,10/13/2023
kids oat nutrition bar,285,10/14/2023
kids oat nutrition bar,317,10/20/2023
kids oat nutrition bar,649,10/22/2023
kids oat nutrition bar,668,10/23/2023
kids oat nutrition bar,321,10/25/2023
kids oat nutrition bar,900,10/26/2023
kids oat nutrition bar,166,10/26/2023
kids oat nutrition bar,484,11/3/2023
kids oat nutrition bar,926,11/4/2023
kids oat nutrition bar,432,11/4/2023
kids oat nutrition bar,616,11/4/2023
kids oat nutrition bar,157,11/6/2023
kids oat nutrition bar,531,11/6/2023
kids oat nutrition bar,372,11/11/2023
kids oat nutrition bar,909,11/12/2023
kids oat nutrition bar,754,11/12/2023
kids oat nutrition bar,396,11/13/2023
kids oat nutrition bar,455,11/13/2023
kids oat nutrition bar,241,11/14/2023
kids oat nutrition bar,976,11/15/2023
kids oat nutrition bar,721,11/18/2023
kids oat nutrition bar,53,11/20/2023
kids oat nutrition bar,533,11/20/2023
kids oat nutrition bar,734,11/21/2023
kids oat nutrition bar,708,11/23/2023
kids oat nutrition bar,325,11/23/2023
kids oat nutrition bar,518,11/24/2023
kids oat nutrition bar,53,11/27/2023
kids oat nutrition bar,176,11/28/2023
kids oat nutrition bar,998,11/30/2023
kids oat nutrition bar,630,12/3/2023
kids oat nutrition bar,827,12/6/2023
kids oat nutrition bar,23,12/9/2023
kids oat nutrition bar,187,12/13/2023
kids oat nutrition bar,128,12/14/2023
kids oat nutrition bar,986,12/17/2023
kids oat nutrition bar,499,12/18/2023
kids oat nutrition bar,768,12/20/2023
kids oat nutrition bar,956,12/29/2023
kids oat nutrition bar,580,1/2/2024
kids oat nutrition bar,314,1/2/2024
kids oat nutrition bar,684,1/7/2024
kids oat nutrition bar,900,1/13/2024
kids oat nutrition bar,632,1/13/2024
kids oat nutrition bar,5,1/14/2024
kids oat nutrition bar,547,1/15/2024
kids oat nutrition bar,185,1/15/2024
kids oat nutrition bar,687,1/16/2024
kids oat nutrition bar,514,1/17/2024
kids oat nutrition bar,444,1/23/2024
kids oat nutrition bar,998,1/23/2024
kids oat nutrition bar,1,1/23/2024
kids oat nutrition bar,160,1/24/2024
kids oat nutrition bar,343,1/29/2024
kids oat nutrition bar,125,1/30/2024
kids oat nutrition bar,315,1/31/2024
kids oat nutrition bar,607,2/3/2024
kids oat nutrition bar,325,2/6/2024
kids oat nutrition bar,221,2/9/2024
kids oat nutrition bar,812,2/12/2024
kids oat nutrition bar,263,2/12/2024
kids oat nutrition bar,222,2/12/2024
kids oat nutrition bar,268,2/13/2024
kids oat nutrition bar,263,2/15/2024
kids oat nutrition bar,976,2/20/2024
kids oat nutrition bar,486,2/21/2024
kids oat nutrition bar,168,2/21/2024
kids oat nutrition bar,859,2/22/2024
kids oat nutrition bar,953,2/26/2024
kids oat nutrition bar,348,2/29/2024
kids oat nutrition bar,800,3/3/2024
kids oat nutrition bar,823,3/4/2024
kids oat nutrition bar,167,3/4/2024
kids oat nutrition bar,840,3/6/2024
kids oat nutrition bar,520,3/12/2024
kids oat nutrition bar,96,3/13/2024
kids oat nutrition bar,143,3/14/2024
kids oat nutrition bar,560,3/14/2024
kids oat nutrition bar,400,3/14/2024
kids oat nutrition bar,72,3/17/2024
kids oat nutrition bar,343,3/19/2024
kids oat nutrition bar,668,3/20/2024
kids oat nutrition bar,447,3/21/2024
kids oat nutrition bar,559,3/22/2024
kids oat nutrition bar,26,3/25/2024
kids oat nutrition bar,185,3/26/2024
kids oat nutrition bar,350,3/28/2024
kids oat nutrition bar,350,3/31/2024
kids oat nutrition bar,17,4/5/2024
kids oat nutrition bar,196,4/7/2024
kids oat nutrition bar,985,4/7/2024
kids oat nutrition bar,225,4/7/2024
kids oat nutrition bar,778,4/13/2024
kids oat nutrition bar,161,4/15/2024
kids oat nutrition bar,174,4/16/2024
kids oat nutrition bar,821,4/17/2024
kids oat nutrition bar,677,4/18/2024
kids oat nutrition bar,974,4/21/2024
kids oat nutrition bar,854,4/24/2024
kids oat nutrition bar,413,4/28/2024
kids oat nutrition bar,905,4/28/2024
kids oat nutrition bar,533,5/4/2024
kids oat nutrition bar,235,5/6/2024
kids oat nutrition bar,894,5/11/2024
kids oat nutrition bar,357,5/13/2024
kids oat nutrition bar,380,5/14/2024
kids oat nutrition bar,703,5/17/2024
kids oat nutrition bar,455,5/18/2024
kids oat nutrition bar,406,5/18/2024
kids oat nutrition bar,290,5/19/2024
kids oat nutrition bar,693,5/24/2024
kids oat nutrition bar,744,5/27/2024
kids oat nutrition bar,999,5/27/2024
kids oat nutrition bar,343,5/28/2024
kids oat nutrition bar,322,5/29/2024
kids oat nutrition bar,456,6/1/2024
kids oat nutrition bar,89,6/4/2024
kids oat nutrition bar,749,6/9/2024
kids oat nutrition bar,144,6/11/2024
kids oat nutrition bar,851,6/18/2024
kids oat nutrition bar,56,6/19/2024
kids oat nutrition bar,449,6/19/2024
kids oat nutrition bar,966,6/20/2024
kids oat nutrition bar,533,6/21/2024
kids oat nutrition bar,179,6/22/2024
kids oat nutrition bar,378,6/25/2024
kids oat nutrition bar,483,6/25/2024
kids oat nutrition bar,726,6/26/2024
kids oat nutrition bar,424,7/4/2024
kids oat nutrition bar,9,7/5/2024
kids oat nutrition bar,509,7/5/2024
kids oat nutrition bar,782,7/5/2024
kids oat nutrition bar,297,7/8/2024
kids oat nutrition bar,31,7/9/2024
kids oat nutrition bar,22,7/9/2024
kids oat nutrition bar,403,7/10/2024
kids oat nutrition bar,229,7/13/2024
kids oat nutrition bar,40,7/16/2024
kids oat nutrition bar,866,7/20/2024
kids oat nutrition bar,825,7/26/2024
kids oat nutrition bar,511,7/26/2024
kids oat nutrition bar,979,7/28/2024
kids oat nutrition bar,627,7/29/2024
kids oat nutrition bar,110,7/29/2024
kids oat nutrition bar,212,8/2/2024
kids oat nutrition bar,173,8/2/2024
kids oat nutrition bar,611,8/4/2024
kids oat nutrition bar,264,8/4/2024
kids oat nutrition bar,429,8/5/2024
kids oat nutrition bar,231,8/12/2024
kids oat nutrition bar,265,8/12/2024
kids oat nutrition bar,384,8/13/2024
kids oat nutrition bar,912,8/14/2024
kids oat nutrition bar,478,8/14/2024
kids oat nutrition bar,468,8/15/2024
kids oat nutrition bar,410,8/19/2024
kids oat nutrition bar,883,8/23/2024
kids oat nutrition bar,374,8/25/2024
kids oat nutrition bar,567,8/26/2024
kids oat nutrition bar,389,8/31/2024
kids oat nutrition bar,803,9/3/2024
kids oat nutrition bar,221,9/11/2024
kids oat nutrition bar,594,9/22/2024
kids oat nutrition bar,455,9/28/2024
kids oat nutrition bar,691,10/1/2024
kids oat nutrition bar,703,10/3/2024
kids oat nutrition bar,235,10/8/2024
kids oat nutrition bar,449,10/9/2024
kids oat nutrition bar,542,10/12/2024
kids oat nutrition bar,460,10/15/2024
kids oat nutrition bar,453,10/18/2024
kids oat nutrition bar,422,10/20/2024
kids oat nutrition bar,525,10/20/2024
kids oat nutrition bar,602,10/23/2024
kids oat nutrition bar,809,10/26/2024
kids oat nutrition bar,254,10/27/2024
kids oat nutrition bar,925,10/28/2024
kids oat nutrition bar,952,10/30/2024
kids oat nutrition bar,169,11/1/2024
kids oat nutrition bar,395,11/5/2024
kids oat nutrition bar,314,11/5/2024
kids oat nutrition bar,323,11/6/2024
kids oat nutrition bar,365,11/10/2024
kids oat nutrition bar,516,11/10/2024
kids oat nutrition bar,619,11/10/2024
kids oat nutrition bar,185,11/12/2024
kids oat nutrition bar,262,11/15/2024
kids oat nutrition bar,658,11/15/2024
kids oat nutrition bar,980,11/15/2024
kids oat nutrition bar,452,11/16/2024
kids oat nutrition bar,793,11/21/2024
kids oat nutrition bar,292,11/26/2024
kids oat nutrition bar,353,11/30/2024
kids oat nutrition bar,540,11/30/2024
kids oat nutrition bar,769,12/7/2024
kids oat nutrition bar,772,12/10/2024
kids oat nutrition bar,103,12/11/2024
kids oat nutrition bar,818,12/11/2024
kids oat nutrition bar,965,12/11/2024
kids oat nutrition bar,345,12/14/2024
kids oat nutrition bar,541,12/17/2024
kids oat nutrition bar,103,12/18/2024
kids oat nutrition bar,531,12/26/2024
kids oat nutrition bar,394,1/3/2025
kids oat nutrition bar,106,1/4/2025
kids oat nutrition bar,469,1/6/2025
kids oat nutrition bar,924,1/7/2025
kids oat nutrition bar,166,1/9/2025
kids oat nutrition bar,637,1/11/2025
kids oat nutrition bar,611,1/12/2025
kids oat nutrition bar,165,1/12/2025
kids oat nutrition bar,613,1/13/2025
kids oat nutrition bar,208,1/13/2025
kids oat nutrition bar,373,1/14/2025
kids oat nutrition bar,225,1/14/2025
kids oat nutrition bar,950,1/17/2025
kids oat nutrition bar,597,1/17/2025
kids oat nutrition bar,603,1/17/2025
kids oat nutrition bar,913,1/22/2025
kids oat nutrition bar,536,1/22/2025
kids oat nutrition bar,210,1/27/2025
kids oat nutrition bar,245,2/3/2025
kids oat nutrition bar,359,2/8/2025
kids oat nutrition bar,540,2/8/2025
kids oat nutrition bar,922,2/13/2025
kids oat nutrition bar,901,2/15/2025
kids oat nutrition bar,603,2/16/2025
kids oat nutrition bar,612,2/16/2025
kids oat nutrition bar,905,2/17/2025
kids oat nutrition bar,35,2/18/2025
kids oat nutrition bar,331,2/19/2025
kids oat nutrition bar,660,2/23/2025
kids oat nutrition bar,156,2/23/2025
kids oat nutrition bar,227,2/26/2025
kids oat nutrition bar,446,3/1/2025
kids oat nutrition bar,335,3/1/2025
kids oat nutrition bar,742,3/4/2025
kids oat nutrition bar,230,3/4/2025
kids oat nutrition bar,875,3/7/2025
kids oat nutrition bar,937,3/7/2025
kids oat nutrition bar,786,3/9/2025
kids oat nutrition bar,360,3/10/2025
kids oat nutrition bar,408,3/10/2025
kids oat nutrition bar,647,3/10/2025
kids oat nutrition bar,323,3/10/2025
kids oat nutrition bar,873,3/18/2025
kids oat nutrition bar,138,3/18/2025
kids oat nutrition bar,944,3/18/2025
kids oat nutrition bar,440,3/18/2025
kids oat nutrition bar,660,3/23/2025
kids oat nutrition bar,644,3/29/2025
kids oat nutrition bar,586,3/29/2025
kids oat nutrition bar,180,3/31/2025
kids oat nutrition bar,599,3/31/2025
kids oat nutrition bar,864,4/1/2025
kids oat nutrition bar,346,4/2/2025
kids oat nutrition bar,639,4/3/2025
kids oat nutrition bar,472,4/6/2025
kids oat nutrition bar,49,4/7/2025
kids oat nutrition bar,129,4/14/2025
kids oat nutrition bar,429,4/16/2025
kids oat nutrition bar,294,4/17/2025
kids oat nutrition bar,362,4/17/2025
kids oat nutrition bar,636,4/18/2025
kids oat nutrition bar,653,4/20/2025
kids oat nutrition bar,83,4/23/2025
kids oat nutrition bar,927,4/24/2025
kids oat nutrition bar,292,4/24/2025
kids oat nutrition bar,230,5/1/2025
kids oat nutrition bar,749,5/2/2025
kids oat nutrition bar,103,5/2/2025
kids oat nutrition bar,172,5/4/2025
kids oat nutrition bar,809,5/5/2025
kids oat nutrition bar,176,5/6/2025
kids oat nutrition bar,312,5/14/2025
kids oat nutrition bar,39,5/16/2025
kids oat nutrition bar,245,5/16/2025
kids oat nutrition bar,808,5/16/2025
kids oat nutrition bar,377,5/16/2025
kids oat nutrition bar,759,5/18/2025
kids oat nutrition bar,967,5/25/2025
kids oat nutrition bar,43,5/27/2025
kids oat nutrition bar,879,5/28/2025
kids oat nutrition bar,75,5/30/2025
kids oat nutrition bar,874,6/1/2025
kids oat nutrition bar,855,6/3/2025
kids oat nutrition bar,675,6/5/2025
kids oat nutrition bar,370,6/6/2025
kids oat nutrition bar,191,6/6/2025
kids oat nutrition bar,495,6/10/2025
kids oat nutrition bar,211,6/13/2025
kids oat nutrition bar,199,6/15/2025
kids oat nutrition bar,892,6/18/2025
kids oat nutrition bar,107,6/21/2025
kids oat nutrition bar,873,6/24/2025
kids oat nutrition bar,508,6/24/2025
kids oat nutrition bar,98,6/26/2025
kids oat nutrition bar,616,6/29/2025
kids oat nutrition bar,762,6/29/2025
kids oat nutrition bar,929,7/1/2025
kids oat nutrition bar,726,7/2/2025
kids oat nutrition bar,575,7/5/2025
kids oat nutrition bar,469,7/7/2025
kids oat nutrition bar,467,7/10/2025
kids oat nutrition bar,163,7/12/2025
kids oat nutrition bar,525,7/13/2025
kids oat nutrition bar,276,7/15/2025
kids oat nutrition bar,667,7/15/2025
kids oat nutrition bar,120,7/19/2025
kids oat nutrition bar,947,7/20/2025
kids oat nutrition bar,373,7/20/2025
kids oat nutrition bar,779,7/21/2025
kids oat nutrition bar,58,7/23/2025
kids oat nutrition bar,828,8/1/2025
kids oat nutrition bar,447,8/1/2025
kids oat nutrition bar,631,8/3/2025
kids oat nutrition bar,500,8/5/2025
kids oat nutrition bar,498,8/10/2025
kids oat nutrition bar,623,8/11/2025
kids oat nutrition bar,280,8/16/2025
kids oat nutrition bar,133,8/16/2025
kids oat nutrition bar,575,8/18/2025
kids oat nutrition bar,707,8/18/2025
kids oat nutrition bar,262,8/20/2025
kids oat nutrition bar,459,8/21/2025
kids oat nutrition bar,212,8/21/2025
kids oat nutrition bar,101,8/23/2025
kids oat nutrition bar,341,8/23/2025
kids oat nutrition bar,637,8/23/2025
kids oat nutrition bar,552,8/25/2025
kids oat nutrition bar,377,8/26/2025
kids oat nutrition bar,423,8/26/2025
kids oat nutrition bar,701,8/27/2025
kids oat nutrition bar,674,8/29/2025
kids oat nutrition bar,226,8/29/2025
kids oat nutrition bar,74,8/30/2025
kids oat nutrition bar,365,8/30/2025
kids oat nutrition bar,198,8/31/2025
kids oat nutrition bar,845,9/8/2025
kids oat nutrition bar,279,9/8/2025
kids oat nutrition bar,625,9/9/2025
kids oat nutrition bar,348,9/10/2025
kids oat nutrition bar,472,9/12/2025
kids oat nutrition bar,308,9/13/2025
kids oat nutrition bar,128,9/14/2025
kids oat nutrition bar,961,9/14/2025
kids oat nutrition bar,84,9/17/2025
kids oat nutrition bar,572,9/17/2025
kids oat nutrition bar,218,9/23/2025
kids oat nutrition bar,908,9/26/2025
kids oat nutrition bar,45,9/26/2025
kids oat nutrition bar,613,10/1/2025
kids oat nutrition bar,498,10/2/2025
kids oat nutrition bar,330,10/2/2025
kids oat nutrition bar,41,10/3/2025
kids oat nutrition bar,853,10/6/2025
kids oat nutrition bar,829,10/7/2025
kids oat nutrition bar,422,10/8/2025
kids oat nutrition bar,854,10/8/2025
kids oat nutrition bar,496,10/10/2025
kids oat nutrition bar,257,10/10/2025
kids oat nutrition bar,342,10/12/2025
kids oat nutrition bar,967,10/13/2025
kids oat nutrition bar,382,10/16/2025
kids oat nutrition bar,559,10/21/2025
kids oat nutrition bar,915,10/21/2025
kids oat nutrition bar,547,10/21/2025
kids oat nutrition bar,89,10/24/2025
kids oat nutrition bar,201,10/26/2025
kids oat nutrition bar,192,10/27/2025
kids oat nutrition bar,751,10/28/2025
kids oat nutrition bar,382,10/29/2025
kids oat nutrition bar,149,10/29/2025
kids oat nutrition bar,113,10/31/2025
kids oat nutrition bar,374,10/31/2025
kids oat nutrition bar,256,10/31/2025
kids oat nutrition bar,716,11/4/2025
kids oat nutrition bar,813,11/5/2025
kids oat nutrition bar,691,11/8/2025
kids oat nutrition bar,763,11/11/2025
kids oat nutrition bar,786,11/12/2025
kids oat nutrition bar,832,11/14/2025
kids oat nutrition bar,377,11/14/2025
kids oat nutrition bar,90,11/17/2025
kids oat nutrition bar,382,11/18/2025
kids oat nutrition bar,528,11/18/2025
kids oat nutrition bar,509,11/21/2025
kids oat nutrition bar,522,11/24/2025
kids oat nutrition bar,286,11/26/2025
kids oat nutrition bar,274,11/28/2025
kids oat nutrition bar,213,11/28/2025
kids oat nutrition bar,653,11/29/2025
kids oat nutrition bar,582,12/1/2025
kids oat nutrition bar,2,12/2/2025
kids oat nutrition bar,869,12/2/2025
kids oat nutrition bar,46,12/3/2025
kids oat nutrition bar,101,12/3/2025
kids oat nutrition bar,278,12/4/2025
kids oat nutrition bar,829,12/7/2025
kids oat nutrition bar,482,12/14/2025
kids oat nutrition bar,189,12/14/2025
kids oat nutrition bar,345,12/15/2025
kids oat nutrition bar,598,12/19/2025
kids oat nutrition bar,357,12/19/2025
kids oat nutrition bar,368,12/20/2025
kids oat nutrition bar,638,12/23/2025
kids oat nutrition bar,132,12/24/2025
kids oat nutrition bar,815,12/27/2025
kids oat nutrition bar,846,12/27/2025
kids oat nutrition bar,978,12/27/2025
kids oat nutrition bar,336,12/28/2025
kids oat nutrition bar,695,12/28/2025
kids oat nutrition bar,855,12/29/2025
kids oat nutrition bar,905,1/1/2026
kids oat nutrition bar,794,1/9/2026
kids oat nutrition bar,222,1/10/2026
kids oat nutrition bar,385,1/11/2026
kids oat nutrition bar,619,1/11/2026
kids oat nutrition bar,372,1/13/2026
kids oat nutrition bar,935,1/14/2026
kids oat nutrition bar,154,1/15/2026
kids oat nutrition bar,451,1/16/2026
kids oat nutrition bar,259,1/17/2026
kids oat nutrition bar,885,1/18/2026
kids oat nutrition bar,951,1/19/2026
kids oat nutrition bar,331,1/22/2026
kids oat nutrition bar,503,1/22/2026
kids oat nutrition bar,232,1/27/2026
kids oat nutrition bar,166,1/27/2026
kids oat nutrition bar,968,1/28/2026
kids oat nutrition bar,3,1/29/2026
kids oat nutrition bar,890,1/29/2026
kids oat nutrition bar,358,1/30/2026
kids oat nutrition bar,123,2/2/2026
kids oat nutrition bar,947,2/2/2026
kids oat nutrition bar,777,2/4/2026
kids oat nutrition bar,116,2/7/2026
kids oat nutrition bar,815,2/9/2026
kids oat nutrition bar,802,2/12/2026
kids oat nutrition bar,239,2/15/2026
kids oat nutrition bar,548,2/17/2026
kids oat nutrition bar,430,2/17/2026
kids oat nutrition bar,399,2/18/2026
kids oat nutrition bar,21,2/19/2026
kids oat nutrition bar,834,2/21/2026
kids oat nutrition bar,550,2/23/2026
kids oat nutrition bar,417,2/23/2026
kids oat nutrition bar,406,3/3/2026
kids oat nutrition bar,138,3/5/2026
kids oat nutrition bar,310,3/6/2026
kids oat nutrition bar,614,3/7/2026
kids oat nutrition bar,498,3/7/2026
kids oat nutrition bar,494,3/8/2026
kids oat nutrition bar,925,3/9/2026
kids oat nutrition bar,50,3/13/2026
kids oat nutrition bar,180,3/13/2026
kids oat nutrition bar,869,3/15/2026
kids oat nutrition bar,928,3/16/2026
kids oat nutrition bar,707,3/17/2026
kids oat nutrition bar,357,3/19/2026
kids oat nutrition bar,698,3/20/2026
kids oat nutrition bar,603,3/20/2026
kids oat nutrition bar,845,3/21/2026
kids oat nutrition bar,895,3/22/2026
kids oat nutrition bar,46,3/22/2026
protein oat cookies,118,3/5/2021
protein oat cookies,355,3/6/2021
protein oat cookies,668,3/8/2021
protein oat cookies,814,3/8/2021
protein oat cookies,346,3/12/2021
protein oat cookies,259,3/18/2021
protein oat cookies,695,3/19/2021
protein oat cookies,305,3/20/2021
protein oat cookies,792,3/21/2021
protein oat cookies,41,3/24/2021
protein oat cookies,796,3/25/2021
protein oat cookies,338,3/28/2021
protein oat cookies,213,4/1/2021
protein oat cookies,904,4/1/2021
protein oat cookies,690,4/3/2021
protein oat cookies,920,4/9/2021
protein oat cookies,315,4/9/2021
protein oat cookies,672,4/10/2021
protein oat cookies,44,4/11/2021
protein oat cookies,270,4/21/2021
protein oat cookies,291,4/23/2021
protein oat cookies,548,4/26/2021
protein oat cookies,666,4/28/2021
protein oat cookies,294,4/30/2021
protein oat cookies,450,5/1/2021
protein oat cookies,875,5/4/2021
protein oat cookies,487,5/5/2021
protein oat cookies,377,5/7/2021
protein oat cookies,688,5/7/2021
protein oat cookies,152,5/7/2021
protein oat cookies,989,5/8/2021
protein oat cookies,350,5/9/2021
protein oat cookies,47,5/10/2021
protein oat cookies,121,5/10/2021
protein oat cookies,2,5/11/2021
protein oat cookies,222,5/13/2021
protein oat cookies,322,5/14/2021
protein oat cookies,467,5/15/2021
protein oat cookies,505,5/16/2021
protein oat cookies,849,5/16/2021
protein oat cookies,487,5/20/2021
protein oat cookies,461,5/25/2021
protein oat cookies,225,5/25/2021
protein oat cookies,281,5/26/2021
protein oat cookies,432,5/28/2021
protein oat cookies,317,5/31/2021
protein oat cookies,152,6/8/2021
protein oat cookies,609,6/10/2021
protein oat cookies,576,6/12/2021
protein oat cookies,872,6/13/2021
protein oat cookies,206,6/14/2021
protein oat cookies,569,6/17/2021
protein oat cookies,301,6/22/2021
protein oat cookies,662,6/23/2021
protein oat cookies,841,6/24/2021
protein oat cookies,148,6/25/2021
protein oat cookies,764,6/25/2021
protein oat cookies,657,6/27/2021
protein oat cookies,563,6/28/2021
protein oat cookies,177,6/28/2021
protein oat cookies,344,6/29/2021
protein oat cookies,293,6/29/2021
protein oat cookies,533,7/2/2021
protein oat cookies,465,7/2/2021
protein oat cookies,15,7/9/2021
protein oat cookies,71,7/12/2021
protein oat cookies,651,7/14/2021
protein oat cookies,658,7/15/2021
protein oat cookies,749,7/16/2021
protein oat cookies,719,7/17/2021
protein oat cookies,46,7/18/2021
protein oat cookies,603,7/20/2021
protein oat cookies,616,7/20/2021
protein oat cookies,920,7/22/2021
protein oat cookies,73,7/25/2021
protein oat cookies,150,7/29/2021
protein oat cookies,416,7/29/2021
protein oat cookies,921,7/31/2021
protein oat cookies,514,7/31/2021
protein oat cookies,840,8/3/2021
protein oat cookies,203,8/10/2021
protein oat cookies,303,8/13/2021
protein oat cookies,675,8/14/2021
protein oat cookies,753,8/14/2021
protein oat cookies,232,8/15/2021
protein oat cookies,910,8/17/2021
protein oat cookies,210,8/20/2021
protein oat cookies,772,8/22/2021
protein oat cookies,965,8/24/2021
protein oat cookies,501,8/25/2021
protein oat cookies,547,8/26/2021
protein oat cookies,534,8/27/2021
protein oat cookies,139,8/28/2021
protein oat cookies,290,8/31/2021
protein oat cookies,569,8/31/2021
protein oat cookies,640,9/3/2021
protein oat cookies,640,9/5/2021
protein oat cookies,790,9/5/2021
protein oat cookies,975,9/9/2021
protein oat cookies,811,9/11/2021
protein oat cookies,105,9/12/2021
protein oat cookies,76,9/14/2021
protein oat cookies,723,9/16/2021
protein oat cookies,378,9/17/2021
protein oat cookies,533,9/18/2021
protein oat cookies,186,9/18/2021
protein oat cookies,702,9/19/2021
protein oat cookies,496,9/22/2021
protein oat cookies,427,9/22/2021
protein oat cookies,61,9/22/2021
protein oat cookies,888,9/26/2021
protein oat cookies,191,9/27/2021
protein oat cookies,112,10/2/2021
protein oat cookies,370,10/4/2021
protein oat cookies,13,10/4/2021
protein oat cookies,219,10/5/2021
protein oat cookies,739,10/5/2021
protein oat cookies,68,10/6/2021
protein oat cookies,257,10/6/2021
protein oat cookies,929,10/7/2021
protein oat cookies,503,10/11/2021
protein oat cookies,868,10/13/2021
protein oat cookies,129,10/13/2021
protein oat cookies,936,10/14/2021
protein oat cookies,637,10/14/2021
protein oat cookies,237,10/14/2021
protein oat cookies,577,10/16/2021
protein oat cookies,24,10/23/2021
protein oat cookies,85,10/24/2021
protein oat cookies,270,10/24/2021
protein oat cookies,254,10/24/2021
protein oat cookies,745,10/29/2021
protein oat cookies,738,10/29/2021
protein oat cookies,606,10/29/2021
protein oat cookies,345,10/29/2021
protein oat cookies,644,10/30/2021
protein oat cookies,30,11/2/2021
protein oat cookies,246,11/2/2021
protein oat cookies,67,11/3/2021
protein oat cookies,745,11/3/2021
protein oat cookies,530,11/5/2021
protein oat cookies,776,11/7/2021
protein oat cookies,317,11/8/2021
protein oat cookies,238,11/9/2021
protein oat cookies,919,11/13/2021
protein oat cookies,527,11/13/2021
protein oat cookies,334,11/17/2021
protein oat cookies,709,11/22/2021
protein oat cookies,279,11/25/2021
protein oat cookies,93,11/26/2021
protein oat cookies,930,11/28/2021
protein oat cookies,56,11/30/2021
protein oat cookies,565,11/30/2021
protein oat cookies,818,12/1/2021
protein oat cookies,342,12/6/2021
protein oat cookies,185,12/7/2021
protein oat cookies,113,12/8/2021
protein oat cookies,591,12/9/2021
protein oat cookies,525,12/11/2021
protein oat cookies,236,12/13/2021
protein oat cookies,336,12/16/2021
protein oat cookies,96,12/20/2021
protein oat cookies,228,12/24/2021
protein oat cookies,151,12/24/2021
protein oat cookies,73,12/28/2021
protein oat cookies,85,12/28/2021
protein oat cookies,42,1/5/2022
protein oat cookies,717,1/9/2022
protein oat cookies,636,1/17/2022
protein oat cookies,963,1/18/2022
protein oat cookies,534,1/18/2022
protein oat cookies,972,1/19/2022
protein oat cookies,187,1/20/2022
protein oat cookies,946,1/21/2022
protein oat cookies,217,1/25/2022
protein oat cookies,598,1/28/2022
protein oat cookies,999,2/1/2022
protein oat cookies,752,2/2/2022
protein oat cookies,909,2/10/2022
protein oat cookies,257,2/10/2022
protein oat cookies,63,2/11/2022
protein oat cookies,512,2/15/2022
protein oat cookies,530,2/17/2022
protein oat cookies,342,2/18/2022
protein oat cookies,777,2/20/2022
protein oat cookies,492,2/21/2022
protein oat cookies,608,2/21/2022
protein oat cookies,25,2/21/2022
protein oat cookies,393,2/22/2022
protein oat cookies,736,2/24/2022
protein oat cookies,149,2/25/2022
protein oat cookies,532,2/26/2022
protein oat cookies,792,2/26/2022
protein oat cookies,519,3/2/2022
protein oat cookies,238,3/5/2022
protein oat cookies,561,3/5/2022
protein oat cookies,504,3/12/2022
protein oat cookies,781,3/13/2022
protein oat cookies,572,3/16/2022
protein oat cookies,266,3/18/2022
protein oat cookies,794,3/18/2022
protein oat cookies,253,3/20/2022
protein oat cookies,921,3/21/2022
protein oat cookies,127,3/21/2022
protein oat cookies,45,3/22/2022
protein oat cookies,331,3/23/2022
protein oat cookies,440,4/1/2022
protein oat cookies,620,4/2/2022
protein oat cookies,966,4/3/2022
protein oat cookies,356,4/6/2022
protein oat cookies,86,4/6/2022
protein oat cookies,897,4/7/2022
protein oat cookies,341,4/8/2022
protein oat cookies,431,4/12/2022
protein oat cookies,290,4/12/2022
protein oat cookies,31,4/13/2022
protein oat cookies,341,4/22/2022
protein oat cookies,74,4/24/2022
protein oat cookies,334,4/27/2022
protein oat cookies,466,4/28/2022
protein oat cookies,939,5/2/2022
protein oat cookies,862,5/2/2022
protein oat cookies,810,5/3/2022
protein oat cookies,580,5/3/2022
protein oat cookies,274,5/4/2022
protein oat cookies,768,5/5/2022
protein oat cookies,936,5/6/2022
protein oat cookies,320,5/9/2022
protein oat cookies,657,5/10/2022
protein oat cookies,80,5/12/2022
protein oat cookies,983,5/14/2022
protein oat cookies,765,5/14/2022
protein oat cookies,109,5/15/2022
protein oat cookies,736,5/18/2022
protein oat cookies,390,5/18/2022
protein oat cookies,362,5/18/2022
protein oat cookies,816,5/18/2022
protein oat cookies,988,5/20/2022
protein oat cookies,266,5/21/2022
protein oat cookies,442,5/22/2022
protein oat cookies,341,5/26/2022
protein oat cookies,374,5/27/2022
protein oat cookies,536,6/1/2022
protein oat cookies,653,6/3/2022
protein oat cookies,18,6/4/2022
protein oat cookies,724,6/6/2022
protein oat cookies,659,6/8/2022
protein oat cookies,394,6/8/2022
protein oat cookies,50,6/11/2022
protein oat cookies,821,6/12/2022
protein oat cookies,40,6/13/2022
protein oat cookies,774,6/13/2022
protein oat cookies,899,6/15/2022
protein oat cookies,328,6/17/2022
protein oat cookies,297,6/19/2022
protein oat cookies,463,6/19/2022
protein oat cookies,723,6/21/2022
protein oat cookies,441,6/21/2022
protein oat cookies,717,6/23/2022
protein oat cookies,898,6/23/2022
protein oat cookies,149,6/25/2022
protein oat cookies,101,6/25/2022
protein oat cookies,90,6/25/2022
protein oat cookies,582,6/27/2022
protein oat cookies,247,6/28/2022
protein oat cookies,410,6/28/2022
protein oat cookies,834,7/2/2022
protein oat cookies,348,7/8/2022
protein oat cookies,551,7/15/2022
protein oat cookies,444,7/15/2022
protein oat cookies,65,7/15/2022
protein oat cookies,398,7/18/2022
protein oat cookies,593,7/20/2022
protein oat cookies,939,7/21/2022
protein oat cookies,486,7/23/2022
protein oat cookies,265,7/24/2022
protein oat cookies,968,7/26/2022
protein oat cookies,452,7/28/2022
protein oat cookies,870,7/29/2022
protein oat cookies,83,7/29/2022
protein oat cookies,79,7/30/2022
protein oat cookies,27,7/31/2022
protein oat cookies,94,8/1/2022
protein oat cookies,417,8/3/2022
protein oat cookies,752,8/5/2022
protein oat cookies,656,8/7/2022
protein oat cookies,45,8/7/2022
protein oat cookies,649,8/8/2022
protein oat cookies,638,8/8/2022
protein oat cookies,978,8/10/2022
protein oat cookies,352,8/11/2022
protein oat cookies,351,8/11/2022
protein oat cookies,535,8/13/2022
protein oat cookies,884,8/13/2022
protein oat cookies,389,8/14/2022
protein oat cookies,115,8/14/2022
protein oat cookies,513,8/16/2022
protein oat cookies,135,8/19/2022
protein oat cookies,628,8/27/2022
protein oat cookies,451,8/27/2022
protein oat cookies,295,8/27/2022
protein oat cookies,268,9/1/2022
protein oat cookies,400,9/1/2022
protein oat cookies,818,9/3/2022
protein oat cookies,150,9/4/2022
protein oat cookies,705,9/4/2022
protein oat cookies,363,9/5/2022
protein oat cookies,640,9/10/2022
protein oat cookies,72,9/17/2022
protein oat cookies,579,9/23/2022
protein oat cookies,805,9/26/2022
protein oat cookies,358,9/27/2022
protein oat cookies,419,9/27/2022
protein oat cookies,165,10/1/2022
protein oat cookies,878,10/1/2022
protein oat cookies,51,10/1/2022
protein oat cookies,513,10/1/2022
protein oat cookies,342,10/2/2022
protein oat cookies,390,10/2/2022
protein oat cookies,230,10/3/2022
protein oat cookies,796,10/4/2022
protein oat cookies,146,10/5/2022
protein oat cookies,203,10/5/2022
protein oat cookies,751,10/7/2022
protein oat cookies,61,10/8/2022
protein oat cookies,293,10/10/2022
protein oat cookies,387,10/12/2022
protein oat cookies,91,10/14/2022
protein oat cookies,564,10/15/2022
protein oat cookies,964,10/16/2022
protein oat cookies,547,10/18/2022
protein oat cookies,114,10/18/2022
protein oat cookies,314,10/18/2022
protein oat cookies,222,10/25/2022
protein oat cookies,835,10/26/2022
protein oat cookies,941,11/1/2022
protein oat cookies,93,11/2/2022
protein oat cookies,138,11/2/2022
protein oat cookies,58,11/5/2022
protein oat cookies,606,11/5/2022
protein oat cookies,894,11/6/2022
protein oat cookies,465,11/7/2022
protein oat cookies,820,11/9/2022
protein oat cookies,860,11/9/2022
protein oat cookies,300,11/10/2022
protein oat cookies,929,11/11/2022
protein oat cookies,725,11/12/2022
protein oat cookies,149,11/14/2022
protein oat cookies,137,11/15/2022
protein oat cookies,12,11/16/2022
protein oat cookies,686,11/19/2022
protein oat cookies,95,11/21/2022
protein oat cookies,237,11/24/2022
protein oat cookies,516,11/24/2022
protein oat cookies,164,11/25/2022
protein oat cookies,98,11/29/2022
protein oat cookies,522,12/5/2022
protein oat cookies,684,12/12/2022
protein oat cookies,587,12/13/2022
protein oat cookies,255,12/14/2022
protein oat cookies,643,12/18/2022
protein oat cookies,700,12/19/2022
protein oat cookies,1,12/21/2022
protein oat cookies,842,12/22/2022
protein oat cookies,934,12/23/2022
protein oat cookies,503,12/25/2022
protein oat cookies,40,12/26/2022
protein oat cookies,155,12/27/2022
protein oat cookies,733,12/30/2022
protein oat cookies,639,1/1/2023
protein oat cookies,658,1/2/2023
protein oat cookies,486,1/2/2023
protein oat cookies,746,1/8/2023
protein oat cookies,387,1/10/2023
protein oat cookies,26,1/16/2023
protein oat cookies,352,1/18/2023
protein oat cookies,35,1/21/2023
protein oat cookies,69,1/21/2023
protein oat cookies,273,1/22/2023
protein oat cookies,641,1/23/2023
protein oat cookies,652,1/25/2023
protein oat cookies,154,1/25/2023
protein oat cookies,735,1/29/2023
protein oat cookies,148,1/29/2023
protein oat cookies,219,2/2/2023
protein oat cookies,801,2/2/2023
protein oat cookies,884,2/4/2023
protein oat cookies,77,2/5/2023
protein oat cookies,296,2/7/2023
protein oat cookies,666,2/8/2023
protein oat cookies,521,2/11/2023
protein oat cookies,289,2/12/2023
protein oat cookies,623,2/17/2023
protein oat cookies,11,2/19/2023
protein oat cookies,280,2/19/2023
protein oat cookies,207,2/20/2023
protein oat cookies,573,2/23/2023
protein oat cookies,384,2/23/2023
protein oat cookies,649,2/23/2023
protein oat cookies,946,2/26/2023
protein oat cookies,911,3/1/2023
protein oat cookies,610,3/1/2023
protein oat cookies,195,3/14/2023
protein oat cookies,292,3/15/2023
protein oat cookies,893,3/17/2023
protein oat cookies,622,3/17/2023
protein oat cookies,557,3/19/2023
protein oat cookies,528,3/20/2023
protein oat cookies,963,3/21/2023
protein oat cookies,169,3/21/2023
protein oat cookies,676,3/23/2023
protein oat cookies,3,3/30/2023
protein oat cookies,244,3/31/2023
protein oat cookies,938,4/1/2023
protein oat cookies,756,4/2/2023
protein oat cookies,188,4/3/2023
protein oat cookies,581,4/5/2023
protein oat cookies,303,4/6/2023
protein oat cookies,953,4/6/2023
protein oat cookies,69,4/7/2023
protein oat cookies,647,4/9/2023
protein oat cookies,27,4/12/2023
protein oat cookies,731,4/12/2023
protein oat cookies,107,4/13/2023
protein oat cookies,961,4/18/2023
protein oat cookies,448,4/21/2023
protein oat cookies,226,4/23/2023
protein oat cookies,382,4/24/2023
protein oat cookies,960,4/27/2023
protein oat cookies,814,4/28/2023
protein oat cookies,695,4/28/2023
protein oat cookies,39,4/29/2023
protein oat cookies,440,5/2/2023
protein oat cookies,502,5/6/2023
protein oat cookies,370,5/12/2023
protein oat cookies,552,5/12/2023
protein oat cookies,201,5/16/2023
protein oat cookies,434,5/16/2023
protein oat cookies,665,5/18/2023
protein oat cookies,958,5/18/2023
protein oat cookies,819,5/19/2023
protein oat cookies,180,5/19/2023
protein oat cookies,746,5/21/2023
protein oat cookies,999,5/21/2023
protein oat cookies,5,5/23/2023
protein oat cookies,444,5/23/2023
protein oat cookies,240,5/24/2023
protein oat cookies,783,5/25/2023
protein oat cookies,939,5/26/2023
protein oat cookies,484,5/26/2023
protein oat cookies,820,5/27/2023
protein oat cookies,402,5/27/2023
protein oat cookies,695,5/28/2023
protein oat cookies,522,5/28/2023
protein oat cookies,771,5/28/2023
protein oat cookies,527,5/30/2023
protein oat cookies,44,6/3/2023
protein oat cookies,729,6/5/2023
protein oat cookies,380,6/7/2023
protein oat cookies,178,6/7/2023
protein oat cookies,984,6/8/2023
protein oat cookies,134,6/8/2023
protein oat cookies,709,6/11/2023
protein oat cookies,917,6/19/2023
protein oat cookies,608,6/24/2023
protein oat cookies,213,6/26/2023
protein oat cookies,841,6/27/2023
protein oat cookies,875,6/29/2023
protein oat cookies,764,6/30/2023
protein oat cookies,52,6/30/2023
protein oat cookies,308,7/3/2023
protein oat cookies,898,7/4/2023
protein oat cookies,247,7/5/2023
protein oat cookies,930,7/9/2023
protein oat cookies,349,7/10/2023
protein oat cookies,366,7/11/2023
protein oat cookies,552,7/12/2023
protein oat cookies,937,7/15/2023
protein oat cookies,458,7/16/2023
protein oat cookies,87,7/18/2023
protein oat cookies,516,7/20/2023
protein oat cookies,814,7/20/2023
protein oat cookies,298,7/23/2023
protein oat cookies,852,7/28/2023
protein oat cookies,652,7/28/2023
protein oat cookies,304,7/30/2023
protein oat cookies,773,7/30/2023
protein oat cookies,182,7/31/2023
protein oat cookies,615,7/31/2023
protein oat cookies,74,8/4/2023
protein oat cookies,904,8/6/2023
protein oat cookies,808,8/7/2023
protein oat cookies,342,8/7/2023
protein oat cookies,820,8/10/2023
protein oat cookies,616,8/15/2023
protein oat cookies,324,8/17/2023
protein oat cookies,935,8/18/2023
protein oat cookies,255,8/19/2023
protein oat cookies,41,8/21/2023
protein oat cookies,447,8/22/2023
protein oat cookies,121,9/2/2023
protein oat cookies,699,9/3/2023
protein oat cookies,972,9/4/2023
protein oat cookies,139,9/5/2023
protein oat cookies,54,9/6/2023
protein oat cookies,866,9/10/2023
protein oat cookies,275,9/10/2023
protein oat cookies,994,9/11/2023
protein oat cookies,333,9/12/2023
protein oat cookies,370,9/13/2023
protein oat cookies,202,9/13/2023
protein oat cookies,460,9/14/2023
protein oat cookies,816,9/14/2023
protein oat cookies,832,9/17/2023
protein oat cookies,347,9/19/2023
protein oat cookies,466,9/19/2023
protein oat cookies,989,9/19/2023
protein oat cookies,175,9/20/2023
protein oat cookies,788,9/21/2023
protein oat cookies,235,9/21/2023
protein oat cookies,100,9/25/2023
protein oat cookies,496,9/26/2023
protein oat cookies,378,9/28/2023
protein oat cookies,883,10/2/2023
protein oat cookies,9,10/3/2023
protein oat cookies,2,10/6/2023
protein oat cookies,269,10/7/2023
protein oat cookies,565,10/8/2023
protein oat cookies,476,10/8/2023
protein oat cookies,90,10/11/2023
protein oat cookies,629,10/12/2023
protein oat cookies,761,10/13/2023
protein oat cookies,142,10/15/2023
protein oat cookies,649,10/16/2023
protein oat cookies,650,10/16/2023
protein oat cookies,249,10/21/2023
protein oat cookies,216,10/21/2023
protein oat cookies,13,10/22/2023
protein oat cookies,999,10/23/2023
protein oat cookies,948,10/23/2023
protein oat cookies,929,10/24/2023
protein oat cookies,480,10/26/2023
protein oat cookies,28,11/5/2023
protein oat cookies,615,11/8/2023
protein oat cookies,484,11/9/2023
protein oat cookies,341,11/10/2023
protein oat cookies,614,11/15/2023
protein oat cookies,645,11/15/2023
protein oat cookies,578,11/16/2023
protein oat cookies,808,11/16/2023
protein oat cookies,722,11/17/2023
protein oat cookies,208,11/20/2023
protein oat cookies,971,11/21/2023
protein oat cookies,131,11/22/2023
protein oat cookies,612,11/23/2023
protein oat cookies,823,11/24/2023
protein oat cookies,655,11/24/2023
protein oat cookies,221,11/28/2023
protein oat cookies,197,11/30/2023
protein oat cookies,893,11/30/2023
protein oat cookies,700,12/5/2023
protein oat cookies,747,12/8/2023
protein oat cookies,357,12/8/2023
protein oat cookies,458,12/9/2023
protein oat cookies,337,12/9/2023
protein oat cookies,787,12/10/2023
protein oat cookies,239,12/11/2023
protein oat cookies,544,12/18/2023
protein oat cookies,751,12/18/2023
protein oat cookies,650,12/19/2023
protein oat cookies,24,12/21/2023
protein oat cookies,908,12/22/2023
protein oat cookies,841,12/23/2023
protein oat cookies,286,12/23/2023
protein oat cookies,965,1/2/2024
protein oat cookies,920,1/16/2024
protein oat cookies,788,1/17/2024
protein oat cookies,698,1/20/2024
protein oat cookies,866,1/21/2024
protein oat cookies,821,1/23/2024
protein oat cookies,824,1/26/2024
protein oat cookies,110,1/26/2024
protein oat cookies,466,1/29/2024
protein oat cookies,377,2/5/2024
protein oat cookies,445,2/5/2024
protein oat cookies,438,2/6/2024
protein oat cookies,486,2/7/2024
protein oat cookies,351,2/8/2024
protein oat cookies,39,2/11/2024
protein oat cookies,790,2/13/2024
protein oat cookies,616,2/15/2024
protein oat cookies,554,2/15/2024
protein oat cookies,944,2/20/2024
protein oat cookies,815,2/21/2024
protein oat cookies,407,2/21/2024
protein oat cookies,705,2/24/2024
protein oat cookies,210,2/27/2024
protein oat cookies,49,3/1/2024
protein oat cookies,378,3/3/2024
protein oat cookies,951,3/6/2024
protein oat cookies,540,3/8/2024
protein oat cookies,342,3/8/2024
protein oat cookies,770,3/14/2024
protein oat cookies,148,3/15/2024
protein oat cookies,589,3/15/2024
protein oat cookies,906,3/16/2024
protein oat cookies,125,3/16/2024
protein oat cookies,569,3/21/2024
protein oat cookies,778,3/22/2024
protein oat cookies,591,3/22/2024
protein oat cookies,457,3/23/2024
protein oat cookies,761,3/27/2024
protein oat cookies,158,4/2/2024
protein oat cookies,190,4/3/2024
protein oat cookies,428,4/6/2024
protein oat cookies,390,4/8/2024
protein oat cookies,454,4/10/2024
protein oat cookies,449,4/11/2024
protein oat cookies,26,4/12/2024
protein oat cookies,212,4/12/2024
protein oat cookies,548,4/15/2024
protein oat cookies,503,4/16/2024
protein oat cookies,889,4/16/2024
protein oat cookies,122,4/16/2024
protein oat cookies,714,4/22/2024
protein oat cookies,553,4/23/2024
protein oat cookies,981,4/25/2024
protein oat cookies,532,4/25/2024
protein oat cookies,37,4/29/2024
protein oat cookies,437,5/3/2024
protein oat cookies,569,5/8/2024
protein oat cookies,831,5/12/2024
protein oat cookies,71,5/14/2024
protein oat cookies,274,5/15/2024
protein oat cookies,543,5/16/2024
protein oat cookies,208,5/16/2024
protein oat cookies,600,5/17/2024
protein oat cookies,134,5/20/2024
protein oat cookies,616,5/21/2024
protein oat cookies,896,5/21/2024
protein oat cookies,462,5/24/2024
protein oat cookies,138,5/26/2024
protein oat cookies,937,5/27/2024
protein oat cookies,838,5/28/2024
protein oat cookies,91,5/28/2024
protein oat cookies,975,5/28/2024
protein oat cookies,892,6/2/2024
protein oat cookies,253,6/4/2024
protein oat cookies,966,6/4/2024
protein oat cookies,558,6/9/2024
protein oat cookies,632,6/9/2024
protein oat cookies,484,6/9/2024
protein oat cookies,426,6/13/2024
protein oat cookies,877,6/13/2024
protein oat cookies,13,6/19/2024
protein oat cookies,3,6/19/2024
protein oat cookies,449,6/19/2024
protein oat cookies,224,6/21/2024
protein oat cookies,197,6/21/2024
protein oat cookies,720,6/25/2024
protein oat cookies,941,6/27/2024
protein oat cookies,888,6/29/2024
protein oat cookies,869,6/30/2024
protein oat cookies,423,6/30/2024
protein oat cookies,369,7/3/2024
protein oat cookies,261,7/5/2024
protein oat cookies,968,7/5/2024
protein oat cookies,59,7/7/2024
protein oat cookies,438,7/8/2024
protein oat cookies,957,7/9/2024
protein oat cookies,952,7/12/2024
protein oat cookies,38,7/14/2024
protein oat cookies,256,7/14/2024
protein oat cookies,283,7/19/2024
protein oat cookies,62,7/22/2024
protein oat cookies,333,7/23/2024
protein oat cookies,849,7/28/2024
protein oat cookies,431,7/29/2024
protein oat cookies,712,7/29/2024
protein oat cookies,862,7/29/2024
protein oat cookies,290,7/30/2024
protein oat cookies,928,7/30/2024
protein oat cookies,148,7/31/2024
protein oat cookies,164,7/31/2024
protein oat cookies,620,7/31/2024
protein oat cookies,861,8/1/2024
protein oat cookies,391,8/4/2024
protein oat cookies,173,8/5/2024
protein oat cookies,886,8/5/2024
protein oat cookies,575,8/6/2024
protein oat cookies,658,8/12/2024
protein oat cookies,631,8/13/2024
protein oat cookies,341,8/13/2024
protein oat cookies,676,8/13/2024
protein oat cookies,699,8/16/2024
protein oat cookies,831,8/18/2024
protein oat cookies,20,8/19/2024
protein oat cookies,634,8/19/2024
protein oat cookies,407,8/22/2024
protein oat cookies,982,8/25/2024
protein oat cookies,854,8/25/2024
protein oat cookies,20,8/26/2024
protein oat cookies,44,8/27/2024
protein oat cookies,521,8/28/2024
protein oat cookies,244,8/28/2024
protein oat cookies,585,8/28/2024
protein oat cookies,134,8/31/2024
protein oat cookies,44,9/4/2024
protein oat cookies,909,9/4/2024
protein oat cookies,500,9/5/2024
protein oat cookies,489,9/6/2024
protein oat cookies,908,9/8/2024
protein oat cookies,905,9/9/2024
protein oat cookies,528,9/11/2024
protein oat cookies,205,9/12/2024
protein oat cookies,911,9/14/2024
protein oat cookies,765,9/19/2024
protein oat cookies,832,9/20/2024
protein oat cookies,526,9/20/2024
protein oat cookies,259,9/25/2024
protein oat cookies,43,9/28/2024
protein oat cookies,124,9/28/2024
protein oat cookies,506,10/1/2024
protein oat cookies,768,10/3/2024
protein oat cookies,54,10/8/2024
protein oat cookies,541,10/8/2024
protein oat cookies,844,10/11/2024
protein oat cookies,498,10/12/2024
protein oat cookies,766,10/21/2024
protein oat cookies,861,10/22/2024
protein oat cookies,420,10/22/2024
protein oat cookies,982,10/24/2024
protein oat cookies,968,10/26/2024
protein oat cookies,61,10/28/2024
protein oat cookies,812,10/29/2024
protein oat cookies,641,10/30/2024
protein oat cookies,827,11/3/2024
protein oat cookies,265,11/4/2024
protein oat cookies,828,11/5/2024
protein oat cookies,240,11/5/2024
protein oat cookies,877,11/5/2024
protein oat cookies,877,11/7/2024
protein oat cookies,896,11/7/2024
protein oat cookies,442,11/9/2024
protein oat cookies,420,11/10/2024
protein oat cookies,371,11/11/2024
protein oat cookies,936,11/13/2024
protein oat cookies,637,11/14/2024
protein oat cookies,508,11/15/2024
protein oat cookies,668,11/15/2024
protein oat cookies,839,11/16/2024
protein oat cookies,843,11/16/2024
protein oat cookies,311,11/17/2024
protein oat cookies,634,11/19/2024
protein oat cookies,337,11/21/2024
protein oat cookies,77,11/22/2024
protein oat cookies,108,11/22/2024
protein oat cookies,518,11/23/2024
protein oat cookies,266,11/27/2024
protein oat cookies,879,11/27/2024
protein oat cookies,762,11/28/2024
protein oat cookies,912,12/4/2024
protein oat cookies,833,12/7/2024
protein oat cookies,114,12/8/2024
protein oat cookies,439,12/12/2024
protein oat cookies,128,12/12/2024
protein oat cookies,521,12/16/2024
protein oat cookies,711,12/17/2024
protein oat cookies,249,12/18/2024
protein oat cookies,715,12/24/2024
protein oat cookies,382,12/24/2024
protein oat cookies,977,12/25/2024
protein oat cookies,736,12/26/2024
protein oat cookies,308,12/30/2024
protein oat cookies,669,12/31/2024
protein oat cookies,750,1/7/2025
protein oat cookies,584,1/11/2025
protein oat cookies,563,1/12/2025
protein oat cookies,232,1/13/2025
protein oat cookies,85,1/15/2025
protein oat cookies,14,1/16/2025
protein oat cookies,362,1/17/2025
protein oat cookies,35,1/20/2025
protein oat cookies,170,1/22/2025
protein oat cookies,366,1/22/2025
protein oat cookies,206,1/23/2025
protein oat cookies,475,1/23/2025
protein oat cookies,636,1/27/2025
protein oat cookies,354,1/28/2025
protein oat cookies,999,1/29/2025
protein oat cookies,239,2/1/2025
protein oat cookies,458,2/4/2025
protein oat cookies,578,2/7/2025
protein oat cookies,173,2/9/2025
protein oat cookies,662,2/12/2025
protein oat cookies,443,2/12/2025
protein oat cookies,198,2/14/2025
protein oat cookies,461,2/17/2025
protein oat cookies,957,2/20/2025
protein oat cookies,70,2/22/2025
protein oat cookies,72,2/24/2025
protein oat cookies,726,2/27/2025
protein oat cookies,632,2/28/2025
protein oat cookies,833,2/28/2025
protein oat cookies,113,3/1/2025
protein oat cookies,435,3/1/2025
protein oat cookies,261,3/2/2025
protein oat cookies,84,3/4/2025
protein oat cookies,365,3/7/2025
protein oat cookies,101,3/8/2025
protein oat cookies,971,3/8/2025
protein oat cookies,931,3/8/2025
protein oat cookies,478,3/12/2025
protein oat cookies,738,3/12/2025
protein oat cookies,499,3/12/2025
protein oat cookies,901,3/14/2025
protein oat cookies,250,3/17/2025
protein oat cookies,108,3/17/2025
protein oat cookies,86,3/22/2025
protein oat cookies,177,3/22/2025
protein oat cookies,949,3/26/2025
protein oat cookies,807,3/26/2025
protein oat cookies,749,3/26/2025
protein oat cookies,748,3/26/2025
protein oat cookies,589,3/26/2025
protein oat cookies,966,4/1/2025
protein oat cookies,86,4/3/2025
protein oat cookies,255,4/4/2025
protein oat cookies,752,4/7/2025
protein oat cookies,721,4/8/2025
protein oat cookies,978,4/11/2025
protein oat cookies,121,4/14/2025
protein oat cookies,458,4/14/2025
protein oat cookies,348,4/15/2025
protein oat cookies,558,4/17/2025
protein oat cookies,189,4/17/2025
protein oat cookies,380,4/18/2025
protein oat cookies,110,4/20/2025
protein oat cookies,396,4/20/2025
protein oat cookies,228,4/21/2025
protein oat cookies,779,4/22/2025
protein oat cookies,537,4/25/2025
protein oat cookies,686,4/25/2025
protein oat cookies,242,5/1/2025
protein oat cookies,120,5/5/2025
protein oat cookies,567,5/5/2025
protein oat cookies,973,5/7/2025
protein oat cookies,435,5/11/2025
protein oat cookies,935,5/12/2025
protein oat cookies,988,5/14/2025
protein oat cookies,765,5/14/2025
protein oat cookies,147,5/15/2025
protein oat cookies,181,5/17/2025
protein oat cookies,297,5/19/2025
protein oat cookies,132,5/23/2025
protein oat cookies,835,5/26/2025
protein oat cookies,836,5/29/2025
protein oat cookies,469,5/31/2025
protein oat cookies,755,6/4/2025
protein oat cookies,257,6/6/2025
protein oat cookies,557,6/7/2025
protein oat cookies,605,6/12/2025
protein oat cookies,740,6/16/2025
protein oat cookies,702,6/18/2025
protein oat cookies,994,6/21/2025
protein oat cookies,372,6/24/2025
protein oat cookies,130,6/24/2025
protein oat cookies,851,6/30/2025
protein oat cookies,8,6/30/2025
protein oat cookies,225,7/3/2025
protein oat cookies,855,7/4/2025
protein oat cookies,183,7/9/2025
protein oat cookies,913,7/11/2025
protein oat cookies,547,7/13/2025
protein oat cookies,546,7/14/2025
protein oat cookies,105,7/14/2025
protein oat cookies,209,7/16/2025
protein oat cookies,560,7/17/2025
protein oat cookies,314,7/18/2025
protein oat cookies,563,7/19/2025
protein oat cookies,438,7/20/2025
protein oat cookies,983,7/23/2025
protein oat cookies,959,7/25/2025
protein oat cookies,185,7/25/2025
protein oat cookies,141,7/27/2025
protein oat cookies,577,7/30/2025
protein oat cookies,392,7/30/2025
protein oat cookies,173,8/1/2025
protein oat cookies,92,8/4/2025
protein oat cookies,758,8/4/2025
protein oat cookies,843,8/6/2025
protein oat cookies,859,8/10/2025
protein oat cookies,690,8/11/2025
protein oat cookies,490,8/13/2025
protein oat cookies,522,8/15/2025
protein oat cookies,589,8/16/2025
protein oat cookies,947,8/17/2025
protein oat cookies,34,8/18/2025
protein oat cookies,958,8/20/2025
protein oat cookies,272,8/22/2025
protein oat cookies,261,8/23/2025
protein oat cookies,35,8/24/2025
protein oat cookies,330,8/24/2025
protein oat cookies,5,8/25/2025
protein oat cookies,53,8/26/2025
protein oat cookies,752,8/31/2025
protein oat cookies,260,9/2/2025
protein oat cookies,530,9/4/2025
protein oat cookies,456,9/6/2025
protein oat cookies,968,9/7/2025
protein oat cookies,583,9/9/2025
protein oat cookies,999,9/10/2025
protein oat cookies,625,9/12/2025
protein oat cookies,720,9/19/2025
protein oat cookies,827,9/20/2025
protein oat cookies,412,9/28/2025
protein oat cookies,616,9/29/2025
protein oat cookies,798,10/2/2025
protein oat cookies,357,10/4/2025
protein oat cookies,684,10/4/2025
protein oat cookies,618,10/4/2025
protein oat cookies,488,10/6/2025
protein oat cookies,202,10/9/2025
protein oat cookies,686,10/10/2025
protein oat cookies,474,10/11/2025
protein oat cookies,534,10/15/2025
protein oat cookies,777,10/17/2025
protein oat cookies,974,10/18/2025
protein oat cookies,675,10/25/2025
protein oat cookies,692,10/25/2025
protein oat cookies,448,10/26/2025
protein oat cookies,223,10/30/2025
protein oat cookies,66,11/4/2025
protein oat cookies,712,11/5/2025
protein oat cookies,659,11/6/2025
protein oat cookies,777,11/12/2025
protein oat cookies,936,11/13/2025
protein oat cookies,14,11/15/2025
protein oat cookies,340,11/17/2025
protein oat cookies,205,11/17/2025
protein oat cookies,297,11/21/2025
protein oat cookies,368,11/22/2025
protein oat cookies,430,11/24/2025
protein oat cookies,362,11/24/2025
protein oat cookies,984,11/25/2025
protein oat cookies,36,11/29/2025
protein oat cookies,75,11/30/2025
protein oat cookies,606,12/1/2025
protein oat cookies,302,12/2/2025
protein oat cookies,706,12/2/2025
protein oat cookies,754,12/8/2025
protein oat cookies,845,12/8/2025
protein oat cookies,126,12/8/2025
protein oat cookies,721,12/12/2025
protein oat cookies,779,12/12/2025
protein oat cookies,813,12/18/2025
protein oat cookies,981,12/18/2025
protein oat cookies,368,12/19/2025
protein oat cookies,401,12/19/2025
protein oat cookies,648,12/28/2025
protein oat cookies,404,12/30/2025
protein oat cookies,825,1/7/2026
protein oat cookies,55,1/7/2026
protein oat cookies,813,1/7/2026
protein oat cookies,220,1/8/2026
protein oat cookies,18,1/11/2026
protein oat cookies,722,1/12/2026
protein oat cookies,612,1/15/2026
protein oat cookies,864,1/16/2026
protein oat cookies,540,1/17/2026
protein oat cookies,251,1/23/2026
protein oat cookies,555,1/23/2026
protein oat cookies,229,1/25/2026
protein oat cookies,120,1/26/2026
protein oat cookies,754,1/29/2026
protein oat cookies,745,2/1/2026
protein oat cookies,871,2/3/2026
protein oat cookies,121,2/3/2026
protein oat cookies,350,2/3/2026
protein oat cookies,719,2/3/2026
protein oat cookies,457,2/5/2026
protein oat cookies,532,2/8/2026
protein oat cookies,115,2/10/2026
protein oat cookies,288,2/11/2026
protein oat cookies,935,2/11/2026
protein oat cookies,549,2/13/2026
protein oat cookies,654,2/14/2026
protein oat cookies,432,2/18/2026
protein oat cookies,833,2/18/2026
protein oat cookies,905,2/22/2026
protein oat cookies,390,3/2/2026
protein oat cookies,571,3/4/2026
protein oat cookies,561,3/8/2026
protein oat cookies,904,3/10/2026
protein oat cookies,155,3/11/2026
protein oat cookies,374,3/13/2026
protein oat cookies,6,3/15/2026
protein oat cookies,866,3/18/2026
protein oat cookies,290,3/19/2026
protein oat cookies,129,3/21/2026
